{"stats":{"minecraft:custom":{"minecraft:jump":54,"minecraft:open_chest":10,"minecraft:time_since_rest":5999,"minecraft:walk_on_water_one_cm":143,"minecraft:damage_taken":30,"minecraft:sprint_one_cm":23796,"minecraft:play_time":5999,"minecraft:time_since_death":5999,"minecraft:walk_one_cm":13263,"minecraft:total_world_time":5999,"minecraft:interact_with_crafting_table":5,"minecraft:fall_one_cm":836,"minecraft:fly_one_cm":5499},"minecraft:crafted":{"minecraft:iron_sword":1,"minecraft:stone_axe":1,"minecraft:stick":8,"minecraft:stone_pickaxe":3},"minecraft:picked_up":{"minecraft:iron_ingot":2,"minecraft:stick":2}},"DataVersion":3953}