{"stats":{"minecraft:custom":{"minecraft:mob_kills":33,"minecraft:interact_with_crafting_table":40,"minecraft:time_since_death":132808,"minecraft:sprint_one_cm":473920,"minecraft:walk_one_cm":534115,"minecraft:damage_blocked_by_shield":215,"minecraft:drop":18,"minecraft:play_time":167992,"minecraft:deaths":3,"minecraft:sneak_time":2435,"minecraft:walk_under_water_one_cm":25582,"minecraft:boat_one_cm":169365,"minecraft:jump":1655,"minecraft:walk_on_water_one_cm":34819,"minecraft:total_world_time":167992,"minecraft:interact_with_furnace":58,"minecraft:sleep_in_bed":1,"minecraft:time_since_rest":110609,"minecraft:damage_taken":2156,"minecraft:damage_dealt":4485,"minecraft:swim_one_cm":22778,"minecraft:fly_one_cm":119538,"minecraft:open_chest":22,"minecraft:crouch_one_cm":6621,"minecraft:fall_one_cm":33588},"minecraft:mined":{"minecraft:deepslate_diamond_ore":3,"minecraft:oak_door":1,"minecraft:cherry_log":31,"minecraft:grass_block":181,"minecraft:oak_wall_sign":2,"minecraft:hay_block":27,"minecraft:redstone_ore":2,"minecraft:furnace":3,"minecraft:carrots":1,"minecraft:iron_ore":58,"minecraft:andesite":2,"minecraft:deepslate_lapis_ore":2,"minecraft:oak_sign":1,"minecraft:potatoes":3,"minecraft:deepslate_iron_ore":20,"minecraft:stone":274,"minecraft:white_wool":1,"minecraft:deepslate_redstone_ore":20,"minecraft:crafting_table":1,"minecraft:torch":1,"minecraft:short_grass":22,"minecraft:chest":3,"minecraft:copper_ore":4,"minecraft:tall_grass":1,"minecraft:cobblestone":4,"minecraft:deepslate_gold_ore":11,"minecraft:diorite":2,"minecraft:pink_petals":1,"minecraft:birch_log":12,"minecraft:wheat":5,"minecraft:birch_leaves":4,"minecraft:yellow_bed":4,"minecraft:oak_log":131,"minecraft:coal_ore":13,"minecraft:beetroots":2,"minecraft:cherry_leaves":10,"minecraft:dirt":11,"minecraft:gravel":48,"minecraft:cobweb":17,"minecraft:gold_ore":6,"minecraft:oak_leaves":32,"minecraft:deepslate":12},"minecraft:killed_by":{"minecraft:skeleton":2,"minecraft:zombie":1},"minecraft:killed":{"minecraft:spider":4,"minecraft:skeleton":6,"minecraft:chicken":2,"minecraft:pig":4,"minecraft:zombie_villager":1,"minecraft:salmon":2,"minecraft:sheep":9,"minecraft:zombie":3,"minecraft:cow":1},"minecraft:crafted":{"minecraft:cherry_planks":64,"minecraft:wooden_sword":1,"minecraft:oak_planks":280,"minecraft:stone_shovel":2,"minecraft:oak_sign":3,"minecraft:cooked_chicken":2,"minecraft:furnace":3,"minecraft:bone_meal":6,"minecraft:cooked_mutton":3,"minecraft:iron_boots":1,"minecraft:iron_axe":1,"minecraft:stone_pickaxe":2,"minecraft:chest":2,"minecraft:wheat":72,"minecraft:cooked_beef":1,"minecraft:cooked_porkchop":3,"minecraft:crafting_table":11,"minecraft:wooden_pickaxe":2,"minecraft:iron_helmet":1,"minecraft:iron_sword":1,"minecraft:birch_planks":48,"minecraft:bucket":2,"minecraft:oak_wood":3,"minecraft:stone_axe":1,"minecraft:bread":24,"minecraft:iron_chestplate":1,"minecraft:shield":1,"minecraft:stick":92,"minecraft:iron_ingot":47,"minecraft:iron_pickaxe":2,"minecraft:wooden_axe":1,"minecraft:stone_sword":2,"minecraft:iron_leggings":1,"minecraft:white_bed":1,"minecraft:torch":24},"minecraft:broken":{"minecraft:wooden_sword":1,"minecraft:wooden_axe":1,"minecraft:stone_shovel":1},"minecraft:picked_up":{"minecraft:wooden_axe":1,"minecraft:crafting_table":2,"minecraft:chicken":2,"minecraft:chest_minecart":1,"minecraft:wooden_pickaxe":1,"minecraft:string":37,"minecraft:raw_copper":11,"minecraft:oak_sign":6,"minecraft:cobbled_deepslate":11,"minecraft:beef":1,"minecraft:oak_boat":2,"minecraft:poppy":1,"minecraft:iron_pickaxe":2,"minecraft:chest":3,"minecraft:birch_sapling":1,"minecraft:egg":2,"minecraft:furnace":3,"minecraft:raw_iron":85,"minecraft:stick":9,"minecraft:torch":10,"minecraft:porkchop":13,"minecraft:cherry_log":29,"minecraft:diorite":12,"minecraft:carrot":2,"minecraft:redstone":165,"minecraft:stone_shovel":2,"minecraft:stone_sword":1,"minecraft:arrow":4,"minecraft:rotten_flesh":4,"minecraft:beetroot_seeds":4,"minecraft:hay_block":42,"minecraft:mutton":13,"minecraft:cobblestone":256,"minecraft:white_wool":9,"minecraft:rail":16,"minecraft:birch_log":12,"minecraft:pink_petals":2,"minecraft:feather":3,"minecraft:cherry_planks":3,"minecraft:andesite":2,"minecraft:potato":18,"minecraft:flint":4,"minecraft:oak_log":130,"minecraft:yellow_bed":5,"minecraft:gunpowder":4,"minecraft:lapis_lazuli":24,"minecraft:dirt":227,"minecraft:bone":3,"minecraft:bow":1,"minecraft:wheat_seeds":31,"minecraft:raw_gold":19,"minecraft:iron_ingot":7,"minecraft:oak_planks":83,"minecraft:gravel":20,"minecraft:spider_eye":2,"minecraft:diamond":6,"minecraft:stone_axe":1,"minecraft:granite":15,"minecraft:cherry_sapling":1,"minecraft:gray_wool":2,"minecraft:bread":2,"minecraft:oak_sapling":9,"minecraft:black_wool":3,"minecraft:melon_seeds":6,"minecraft:coal":86},"minecraft:used":{"minecraft:stone_sword":41,"minecraft:stone_shovel":256,"minecraft:poppy":1,"minecraft:chest":5,"minecraft:shield":7,"minecraft:iron_sword":124,"minecraft:cooked_chicken":2,"minecraft:torch":34,"minecraft:dirt":127,"minecraft:mutton":7,"minecraft:granite":1,"minecraft:wooden_axe":61,"minecraft:iron_axe":140,"minecraft:hay_block":2,"minecraft:furnace":5,"minecraft:cooked_beef":1,"minecraft:cobbled_deepslate":5,"minecraft:cooked_mutton":3,"minecraft:diorite":4,"minecraft:stone_pickaxe":54,"minecraft:oak_planks":160,"minecraft:wooden_pickaxe":81,"minecraft:white_wool":1,"minecraft:crafting_table":12,"minecraft:oak_log":15,"minecraft:bread":18,"minecraft:iron_pickaxe":307,"minecraft:gravel":11,"minecraft:wooden_sword":54,"minecraft:cobblestone":125,"minecraft:cooked_porkchop":3,"minecraft:bucket":2,"minecraft:yellow_bed":4,"minecraft:oak_boat":2},"minecraft:dropped":{"minecraft:bread":8,"minecraft:porkchop":5,"minecraft:feather":2,"minecraft:chest_minecart":1,"minecraft:cherry_planks":5,"minecraft:string":1,"minecraft:gravel":5,"minecraft:stone_sword":2,"minecraft:birch_sapling":1,"minecraft:rotten_flesh":2,"minecraft:oak_planks":81,"minecraft:oak_sign":2,"minecraft:oak_sapling":4,"minecraft:spider_eye":1,"minecraft:stone_pickaxe":1,"minecraft:wooden_pickaxe":1}},"DataVersion":3953}