{"stats":{"minecraft:custom":{"minecraft:interact_with_furnace":7,"minecraft:mob_kills":5,"minecraft:interact_with_crafting_table":11,"minecraft:open_barrel":2,"minecraft:leave_game":1,"minecraft:time_since_death":100138,"minecraft:sleep_in_bed":2,"minecraft:time_since_rest":5143,"minecraft:sprint_one_cm":69352,"minecraft:damage_taken":392,"minecraft:walk_one_cm":378928,"minecraft:drop":18,"minecraft:damage_dealt":799,"minecraft:fly_one_cm":9701,"minecraft:open_chest":16,"minecraft:crouch_one_cm":1112,"minecraft:play_time":100138,"minecraft:sneak_time":808,"minecraft:jump":833,"minecraft:walk_on_water_one_cm":143,"minecraft:total_world_time":100138,"minecraft:fall_one_cm":5990},"minecraft:mined":{"minecraft:deepslate_redstone_ore":8,"minecraft:tuff":75,"minecraft:white_bed":2,"minecraft:deepslate_diamond_ore":2,"minecraft:torch":1,"minecraft:granite":14,"minecraft:short_grass":2,"minecraft:grass_block":4,"minecraft:tall_grass":1,"minecraft:copper_ore":7,"minecraft:cobblestone":14,"minecraft:diorite":12,"minecraft:wall_torch":27,"minecraft:cobbled_deepslate":2,"minecraft:andesite":80,"minecraft:bell":1,"minecraft:oak_log":14,"minecraft:deepslate_iron_ore":32,"minecraft:dirt":30,"minecraft:stone":209,"minecraft:oak_leaves":9,"minecraft:deepslate":417},"minecraft:killed":{"minecraft:sheep":2,"minecraft:zombie":1,"minecraft:cow":2},"minecraft:crafted":{"minecraft:oak_planks":40,"minecraft:oak_sign":3,"minecraft:diamond_sword":1,"minecraft:crafting_table":3,"minecraft:iron_sword":1,"minecraft:furnace":1,"minecraft:stone_axe":1,"minecraft:oak_boat":1,"minecraft:stick":20,"minecraft:stone_pickaxe":3,"minecraft:wooden_axe":1,"minecraft:chest":1},"minecraft:picked_up":{"minecraft:feather":1,"minecraft:andesite":79,"minecraft:leather":1,"minecraft:wooden_pickaxe":1,"minecraft:tuff":77,"minecraft:oak_log":14,"minecraft:dirt":39,"minecraft:raw_copper":26,"minecraft:wooden_sword":1,"minecraft:bone":2,"minecraft:apple":1,"minecraft:wheat_seeds":3,"minecraft:cobbled_deepslate":472,"minecraft:bell":1,"minecraft:iron_ingot":2,"minecraft:beef":6,"minecraft:chest":4,"minecraft:furnace":1,"minecraft:stick":6,"minecraft:raw_iron":33,"minecraft:torch":30,"minecraft:diorite":24,"minecraft:white_bed":2,"minecraft:redstone":44,"minecraft:rotten_flesh":1,"minecraft:diamond":2,"minecraft:granite":14,"minecraft:mutton":2,"minecraft:white_wool":2,"minecraft:cobblestone":217,"minecraft:diamond_pickaxe":1},"minecraft:broken":{"minecraft:stone_pickaxe":3,"minecraft:wooden_pickaxe":1},"minecraft:dropped":{"minecraft:cobbled_deepslate":449,"minecraft:tuff":77,"minecraft:cobblestone":4,"minecraft:dirt":1,"minecraft:diorite":12,"minecraft:wooden_axe":1,"minecraft:andesite":79,"minecraft:chest":2},"minecraft:used":{"minecraft:stone_pickaxe":409,"minecraft:chest":2,"minecraft:wooden_pickaxe":57,"minecraft:iron_sword":29,"minecraft:salmon":1,"minecraft:torch":30,"minecraft:dirt":2,"minecraft:mutton":2,"minecraft:crafting_table":3,"minecraft:white_bed":1,"minecraft:wooden_axe":7,"minecraft:diamond_pickaxe":467,"minecraft:apple":1,"minecraft:stone_axe":12,"minecraft:wooden_sword":6,"minecraft:cobblestone":24,"minecraft:beef":6,"minecraft:furnace":2,"minecraft:cobbled_deepslate":23}},"DataVersion":3953}