{"stats":{"minecraft:custom":{"minecraft:interact_with_furnace":9,"minecraft:mob_kills":7,"minecraft:interact_with_crafting_table":11,"minecraft:open_barrel":2,"minecraft:leave_game":2,"minecraft:time_since_death":128365,"minecraft:sleep_in_bed":2,"minecraft:time_since_rest":33370,"minecraft:sprint_one_cm":128987,"minecraft:damage_taken":402,"minecraft:walk_one_cm":474065,"minecraft:drop":26,"minecraft:damage_dealt":1109,"minecraft:fly_one_cm":15841,"minecraft:open_chest":21,"minecraft:crouch_one_cm":3179,"minecraft:play_time":128365,"minecraft:sneak_time":3090,"minecraft:jump":976,"minecraft:walk_on_water_one_cm":143,"minecraft:total_world_time":128365,"minecraft:fall_one_cm":6797},"minecraft:mined":{"minecraft:deepslate_redstone_ore":8,"minecraft:tuff":75,"minecraft:white_bed":2,"minecraft:deepslate_diamond_ore":2,"minecraft:crafting_table":1,"minecraft:torch":1,"minecraft:granite":14,"minecraft:short_grass":2,"minecraft:grass_block":4,"minecraft:chest":1,"minecraft:tall_grass":1,"minecraft:copper_ore":7,"minecraft:cobblestone":14,"minecraft:oak_planks":5,"minecraft:diorite":12,"minecraft:wall_torch":27,"minecraft:furnace":1,"minecraft:birch_log":11,"minecraft:fire":3,"minecraft:cobbled_deepslate":2,"minecraft:birch_leaves":17,"minecraft:andesite":80,"minecraft:bell":1,"minecraft:oak_log":14,"minecraft:deepslate_iron_ore":32,"minecraft:dirt":30,"minecraft:stone":209,"minecraft:oak_leaves":9,"minecraft:deepslate":417},"minecraft:killed":{"minecraft:phantom":1,"minecraft:sheep":2,"minecraft:zombie":1,"minecraft:chicken":1,"minecraft:cow":2},"minecraft:crafted":{"minecraft:oak_planks":92,"minecraft:oak_sign":3,"minecraft:diamond_sword":1,"minecraft:crafting_table":3,"minecraft:iron_sword":1,"minecraft:furnace":1,"minecraft:birch_planks":44,"minecraft:stone_axe":1,"minecraft:oak_boat":1,"minecraft:stick":20,"minecraft:iron_ingot":6,"minecraft:stone_pickaxe":3,"minecraft:wooden_axe":1,"minecraft:chest":1},"minecraft:picked_up":{"minecraft:birch_log":11,"minecraft:crafting_table":1,"minecraft:feather":2,"minecraft:chicken":1,"minecraft:andesite":79,"minecraft:leather":1,"minecraft:diamond_sword":2,"minecraft:wooden_pickaxe":1,"minecraft:birch_planks":44,"minecraft:tuff":77,"minecraft:oak_log":27,"minecraft:dirt":75,"minecraft:raw_copper":52,"minecraft:wooden_sword":1,"minecraft:bone":2,"minecraft:oak_sign":2,"minecraft:apple":2,"minecraft:wheat_seeds":6,"minecraft:cobbled_deepslate":472,"minecraft:bell":1,"minecraft:iron_ingot":2,"minecraft:beef":6,"minecraft:chest":5,"minecraft:birch_sapling":3,"minecraft:oak_planks":70,"minecraft:phantom_membrane":2,"minecraft:egg":1,"minecraft:furnace":2,"minecraft:stick":7,"minecraft:raw_iron":33,"minecraft:cooked_porkchop":3,"minecraft:torch":30,"minecraft:diorite":24,"minecraft:white_bed":2,"minecraft:redstone":88,"minecraft:stone_sword":1,"minecraft:rotten_flesh":1,"minecraft:diamond":2,"minecraft:granite":28,"minecraft:bread":8,"minecraft:oak_sapling":2,"minecraft:mutton":2,"minecraft:white_wool":2,"minecraft:cobblestone":217,"minecraft:diamond_pickaxe":1},"minecraft:broken":{"minecraft:stone_pickaxe":3,"minecraft:wooden_pickaxe":1},"minecraft:used":{"minecraft:stone_pickaxe":409,"minecraft:oak_planks":73,"minecraft:chest":3,"minecraft:wooden_pickaxe":57,"minecraft:iron_sword":30,"minecraft:salmon":1,"minecraft:torch":30,"minecraft:dirt":2,"minecraft:mutton":2,"minecraft:crafting_table":3,"minecraft:white_bed":1,"minecraft:wooden_axe":7,"minecraft:diamond_pickaxe":468,"minecraft:apple":1,"minecraft:bread":7,"minecraft:stone_axe":45,"minecraft:diamond_sword":14,"minecraft:wooden_sword":6,"minecraft:cobblestone":24,"minecraft:beef":6,"minecraft:oak_sapling":2,"minecraft:furnace":2,"minecraft:egg":3,"minecraft:cobbled_deepslate":23},"minecraft:dropped":{"minecraft:birch_planks":44,"minecraft:wheat_seeds":3,"minecraft:cobbled_deepslate":449,"minecraft:tuff":77,"minecraft:feather":1,"minecraft:cobblestone":4,"minecraft:oak_planks":49,"minecraft:granite":14,"minecraft:diamond_sword":1,"minecraft:dirt":37,"minecraft:diorite":12,"minecraft:wooden_axe":1,"minecraft:andesite":79,"minecraft:chest":2,"minecraft:phantom_membrane":1}},"DataVersion":3953}