{"stats":{"minecraft:dropped":{"minecraft:birch_planks":7,"minecraft:white_wool":1,"minecraft:sweet_berries":5},"minecraft:used":{"minecraft:stone_sword":133,"minecraft:spruce_planks":19,"minecraft:chest":3,"minecraft:oak_door":6,"minecraft:torch":26,"minecraft:dirt":37,"minecraft:mutton":3,"minecraft:glass":22,"minecraft:wooden_axe":180,"minecraft:oak_stairs":13,"minecraft:birch_sapling":5,"minecraft:bow":14,"minecraft:sweet_berries":19,"minecraft:furnace":5,"minecraft:oak_sapling":1,"minecraft:cooked_mutton":15,"minecraft:stone_pickaxe":127,"minecraft:oak_planks":139,"minecraft:wooden_pickaxe":74,"minecraft:crafting_table":9,"minecraft:white_bed":5,"minecraft:iron_pickaxe":92,"minecraft:wooden_sword":67,"minecraft:cobblestone":11},"minecraft:custom":{"minecraft:mob_kills":34,"minecraft:interact_with_crafting_table":36,"minecraft:leave_game":2,"minecraft:time_since_death":7908,"minecraft:sprint_one_cm":307405,"minecraft:walk_one_cm":568887,"minecraft:drop":3,"minecraft:play_time":156054,"minecraft:deaths":4,"minecraft:sneak_time":905,"minecraft:walk_under_water_one_cm":14723,"minecraft:boat_one_cm":70930,"minecraft:jump":1977,"minecraft:walk_on_water_one_cm":68590,"minecraft:total_world_time":156054,"minecraft:interact_with_furnace":29,"minecraft:sleep_in_bed":4,"minecraft:time_since_rest":131,"minecraft:damage_taken":2025,"minecraft:damage_dealt":4201,"minecraft:swim_one_cm":73487,"minecraft:fly_one_cm":44356,"minecraft:open_chest":17,"minecraft:crouch_one_cm":1647,"minecraft:fall_one_cm":18687,"minecraft:horse_one_cm":3130},"minecraft:killed":{"minecraft:cave_spider":1,"minecraft:spider":3,"minecraft:skeleton":5,"minecraft:pig":1,"minecraft:salmon":5,"minecraft:creeper":2,"minecraft:sheep":7,"minecraft:zombie":4,"minecraft:cow":5},"minecraft:killed_by":{"minecraft:spider":2,"minecraft:skeleton":1,"minecraft:zombie":1},"minecraft:mined":{"minecraft:spruce_planks":13,"minecraft:white_bed":2,"minecraft:oak_door":2,"minecraft:granite":2,"minecraft:acacia_log":17,"minecraft:grass_block":34,"minecraft:spruce_leaves":10,"minecraft:spawner":1,"minecraft:redstone_ore":5,"minecraft:furnace":3,"minecraft:iron_ore":38,"minecraft:andesite":2,"minecraft:deepslate_lapis_ore":13,"minecraft:deepslate_iron_ore":14,"minecraft:rail":1,"minecraft:oak_stairs":7,"minecraft:stone":78,"minecraft:deepslate_redstone_ore":10,"minecraft:acacia_leaves":4,"minecraft:brown_mushroom":4,"minecraft:dandelion":1,"minecraft:crafting_table":4,"minecraft:short_grass":11,"minecraft:poppy":1,"minecraft:mushroom_stem":4,"minecraft:tall_grass":1,"minecraft:glass":1,"minecraft:copper_ore":2,"minecraft:cobblestone":9,"minecraft:deepslate_gold_ore":17,"minecraft:sugar_cane":6,"minecraft:oak_planks":56,"minecraft:diorite":4,"minecraft:wall_torch":3,"minecraft:birch_planks":4,"minecraft:birch_log":26,"minecraft:spruce_log":12,"minecraft:birch_leaves":7,"minecraft:coal_ore":51,"minecraft:oak_log":40,"minecraft:sand":38,"minecraft:dirt":29,"minecraft:cobweb":26,"minecraft:red_mushroom_block":41,"minecraft:oak_leaves":7,"minecraft:deepslate":7},"minecraft:picked_up":{"minecraft:wooden_axe":1,"minecraft:fishing_rod":1,"minecraft:crafting_table":5,"minecraft:chicken":3,"minecraft:brown_mushroom":9,"minecraft:wooden_pickaxe":3,"minecraft:oak_stairs":7,"minecraft:string":59,"minecraft:raw_copper":10,"minecraft:wooden_sword":1,"minecraft:cobbled_deepslate":7,"minecraft:spruce_planks":42,"minecraft:beef":10,"minecraft:poppy":1,"minecraft:iron_pickaxe":1,"minecraft:sugar_cane":24,"minecraft:birch_sapling":5,"minecraft:furnace":3,"minecraft:egg":1,"minecraft:stick":45,"minecraft:raw_iron":66,"minecraft:oak_door":2,"minecraft:torch":4,"minecraft:acacia_log":16,"minecraft:porkchop":7,"minecraft:diorite":4,"minecraft:redstone":77,"minecraft:stone_sword":2,"minecraft:arrow":12,"minecraft:rotten_flesh":6,"minecraft:mutton":19,"minecraft:white_wool":17,"minecraft:cobblestone":119,"minecraft:birch_log":34,"minecraft:feather":4,"minecraft:salmon":3,"minecraft:andesite":4,"minecraft:leather":11,"minecraft:red_mushroom":9,"minecraft:birch_planks":19,"minecraft:oak_log":40,"minecraft:gunpowder":2,"minecraft:lapis_lazuli":90,"minecraft:dirt":62,"minecraft:cooked_mutton":14,"minecraft:bone":2,"minecraft:acacia_planks":27,"minecraft:bow":6,"minecraft:wheat_seeds":3,"minecraft:raw_gold":25,"minecraft:stone_pickaxe":1,"minecraft:iron_ingot":12,"minecraft:iron_sword":1,"minecraft:oak_planks":57,"minecraft:sweet_berries":63,"minecraft:sand":38,"minecraft:white_bed":2,"minecraft:spruce_log":12,"minecraft:spider_eye":2,"minecraft:granite":2,"minecraft:oak_sapling":2,"minecraft:coal":50},"minecraft:crafted":{"minecraft:wooden_sword":2,"minecraft:oak_door":6,"minecraft:oak_planks":160,"minecraft:fishing_rod":1,"minecraft:furnace":2,"minecraft:cooked_mutton":10,"minecraft:glass":22,"minecraft:stone_pickaxe":1,"minecraft:chest":3,"minecraft:acacia_wood":3,"minecraft:crafting_table":5,"minecraft:spruce_planks":48,"minecraft:wooden_pickaxe":3,"minecraft:birch_planks":36,"minecraft:charcoal":4,"minecraft:stick":56,"minecraft:iron_ingot":3,"minecraft:iron_pickaxe":1,"minecraft:wooden_axe":4,"minecraft:oak_stairs":8,"minecraft:stone_sword":2,"minecraft:white_bed":3,"minecraft:acacia_planks":60,"minecraft:torch":24},"minecraft:broken":{"minecraft:wooden_pickaxe":1,"minecraft:wooden_sword":1,"minecraft:wooden_axe":4}},"DataVersion":3953}