{"stats":{"minecraft:custom":{"minecraft:interact_with_furnace":23,"minecraft:mob_kills":10,"minecraft:interact_with_crafting_table":15,"minecraft:leave_game":1,"minecraft:time_since_death":54878,"minecraft:time_since_rest":54926,"minecraft:sprint_one_cm":102220,"minecraft:damage_taken":933,"minecraft:walk_one_cm":405230,"minecraft:drop":19,"minecraft:damage_dealt":939,"minecraft:swim_one_cm":879,"minecraft:fly_one_cm":13519,"minecraft:open_chest":1,"minecraft:crouch_one_cm":4834,"minecraft:play_time":81569,"minecraft:deaths":1,"minecraft:sneak_time":2036,"minecraft:walk_under_water_one_cm":1120,"minecraft:jump":759,"minecraft:walk_on_water_one_cm":6969,"minecraft:total_world_time":81569,"minecraft:fall_one_cm":14659},"minecraft:mined":{"minecraft:deepslate_redstone_ore":4,"minecraft:tuff":2,"minecraft:white_bed":1,"minecraft:deepslate_diamond_ore":3,"minecraft:oak_door":2,"minecraft:dandelion":2,"minecraft:oak_fence":1,"minecraft:crafting_table":1,"minecraft:glow_lichen":1,"minecraft:granite":2,"minecraft:short_grass":6,"minecraft:grass_block":2,"minecraft:copper_ore":14,"minecraft:cobblestone":20,"minecraft:tall_grass":3,"minecraft:diorite":1,"minecraft:wall_torch":1,"minecraft:hay_block":5,"minecraft:birch_planks":4,"minecraft:birch_log":26,"minecraft:cobbled_deepslate":2,"minecraft:andesite":1,"minecraft:birch_leaves":4,"minecraft:deepslate_iron_ore":1,"minecraft:coal_ore":70,"minecraft:gravel":3,"minecraft:dirt":11,"minecraft:stone":190,"minecraft:oak_leaves":1,"minecraft:deepslate":161},"minecraft:killed_by":{"minecraft:player":1},"minecraft:killed":{"minecraft:pig":4,"minecraft:bat":1,"minecraft:skeleton":3,"minecraft:zombie":1,"minecraft:chicken":1},"minecraft:crafted":{"minecraft:cooked_beef":4,"minecraft:oak_door":3,"minecraft:oak_planks":28,"minecraft:crafting_table":1,"minecraft:wooden_pickaxe":1,"minecraft:furnace":1,"minecraft:birch_planks":104,"minecraft:stone_axe":1,"minecraft:bread":15,"minecraft:iron_chestplate":1,"minecraft:stick":12,"minecraft:iron_ingot":17,"minecraft:iron_pickaxe":3,"minecraft:stone_pickaxe":1,"minecraft:stone_sword":2,"minecraft:chest":1,"minecraft:torch":36,"minecraft:wheat":45},"minecraft:broken":{"minecraft:iron_pickaxe":1,"minecraft:stone_pickaxe":1},"minecraft:picked_up":{"minecraft:wooden_axe":3,"minecraft:birch_log":26,"minecraft:feather":2,"minecraft:chicken":1,"minecraft:andesite":18,"minecraft:wooden_pickaxe":5,"minecraft:birch_planks":30,"minecraft:flint":1,"minecraft:oak_log":4,"minecraft:gunpowder":2,"minecraft:cornflower":1,"minecraft:dirt":11,"minecraft:raw_copper":33,"minecraft:wooden_sword":1,"minecraft:bone":4,"minecraft:wheat_seeds":5,"minecraft:cobbled_deepslate":156,"minecraft:iron_ingot":9,"minecraft:stone_pickaxe":1,"minecraft:wooden_shovel":1,"minecraft:iron_pickaxe":1,"minecraft:oak_planks":8,"minecraft:egg":1,"minecraft:stick":11,"minecraft:raw_iron":14,"minecraft:oak_door":2,"minecraft:oak_fence":1,"minecraft:torch":10,"minecraft:dandelion":4,"minecraft:gravel":3,"minecraft:porkchop":7,"minecraft:diorite":14,"minecraft:white_bed":1,"minecraft:redstone":14,"minecraft:oak_wood":3,"minecraft:stone_sword":4,"minecraft:arrow":3,"minecraft:stone_shovel":2,"minecraft:rotten_flesh":3,"minecraft:diamond":2,"minecraft:stone_axe":3,"minecraft:hay_block":5,"minecraft:granite":28,"minecraft:oak_sapling":3,"minecraft:coal":120,"minecraft:cobblestone":264},"minecraft:used":{"minecraft:stone_sword":30,"minecraft:birch_planks":99,"minecraft:stone_pickaxe":131,"minecraft:chest":1,"minecraft:wooden_pickaxe":22,"minecraft:wooden_shovel":2,"minecraft:rotten_flesh":2,"minecraft:oak_door":3,"minecraft:torch":29,"minecraft:dirt":8,"minecraft:crafting_table":1,"minecraft:granite":2,"minecraft:cornflower":1,"minecraft:bread":5,"minecraft:iron_pickaxe":332,"minecraft:gravel":3,"minecraft:stone_axe":14,"minecraft:cobblestone":79,"minecraft:furnace":1,"minecraft:oak_sapling":1,"minecraft:porkchop":3,"minecraft:andesite":8,"minecraft:cooked_beef":4,"minecraft:dandelion":2},"minecraft:dropped":{"minecraft:iron_ingot":9,"minecraft:porkchop":1,"minecraft:wheat_seeds":1,"minecraft:stone_sword":1,"minecraft:oak_fence":1,"minecraft:oak_planks":1,"minecraft:coal":39,"minecraft:dirt":1,"minecraft:andesite":2,"minecraft:wooden_axe":2,"minecraft:oak_sapling":2,"minecraft:wooden_shovel":1,"minecraft:wooden_sword":1,"minecraft:wooden_pickaxe":3,"minecraft:dandelion":2}},"DataVersion":3953}