{"stats":{"minecraft:custom":{"minecraft:mob_kills":27,"minecraft:interact_with_crafting_table":37,"minecraft:time_since_death":84808,"minecraft:sprint_one_cm":362735,"minecraft:walk_one_cm":374065,"minecraft:damage_blocked_by_shield":30,"minecraft:drop":15,"minecraft:play_time":119992,"minecraft:deaths":3,"minecraft:sneak_time":1865,"minecraft:walk_under_water_one_cm":25582,"minecraft:boat_one_cm":52312,"minecraft:jump":1356,"minecraft:walk_on_water_one_cm":31708,"minecraft:total_world_time":119992,"minecraft:interact_with_furnace":58,"minecraft:sleep_in_bed":1,"minecraft:time_since_rest":62609,"minecraft:damage_taken":1878,"minecraft:damage_dealt":3322,"minecraft:swim_one_cm":22778,"minecraft:fly_one_cm":94611,"minecraft:open_chest":3,"minecraft:crouch_one_cm":3915,"minecraft:fall_one_cm":30089},"minecraft:mined":{"minecraft:deepslate_diamond_ore":3,"minecraft:oak_door":1,"minecraft:cherry_log":11,"minecraft:grass_block":1,"minecraft:oak_wall_sign":1,"minecraft:hay_block":27,"minecraft:redstone_ore":2,"minecraft:furnace":3,"minecraft:carrots":1,"minecraft:iron_ore":58,"minecraft:andesite":2,"minecraft:deepslate_lapis_ore":2,"minecraft:potatoes":3,"minecraft:deepslate_iron_ore":20,"minecraft:stone":101,"minecraft:white_wool":1,"minecraft:deepslate_redstone_ore":20,"minecraft:crafting_table":1,"minecraft:short_grass":3,"minecraft:chest":2,"minecraft:copper_ore":4,"minecraft:tall_grass":1,"minecraft:cobblestone":2,"minecraft:deepslate_gold_ore":11,"minecraft:diorite":2,"minecraft:wheat":5,"minecraft:yellow_bed":4,"minecraft:oak_log":63,"minecraft:coal_ore":13,"minecraft:beetroots":2,"minecraft:cherry_leaves":3,"minecraft:dirt":4,"minecraft:gravel":48,"minecraft:cobweb":17,"minecraft:gold_ore":6,"minecraft:oak_leaves":7,"minecraft:deepslate":12},"minecraft:killed_by":{"minecraft:skeleton":2,"minecraft:zombie":1},"minecraft:killed":{"minecraft:spider":1,"minecraft:skeleton":5,"minecraft:chicken":2,"minecraft:pig":4,"minecraft:zombie_villager":1,"minecraft:salmon":2,"minecraft:sheep":9,"minecraft:zombie":1,"minecraft:cow":1},"minecraft:crafted":{"minecraft:cherry_planks":44,"minecraft:wooden_sword":1,"minecraft:oak_planks":248,"minecraft:stone_shovel":1,"minecraft:oak_sign":3,"minecraft:cooked_chicken":2,"minecraft:furnace":3,"minecraft:bone_meal":6,"minecraft:cooked_mutton":3,"minecraft:iron_boots":1,"minecraft:stone_pickaxe":2,"minecraft:wheat":72,"minecraft:cooked_beef":1,"minecraft:cooked_porkchop":3,"minecraft:crafting_table":10,"minecraft:wooden_pickaxe":2,"minecraft:iron_helmet":1,"minecraft:iron_sword":1,"minecraft:bucket":2,"minecraft:oak_wood":3,"minecraft:stone_axe":1,"minecraft:bread":24,"minecraft:iron_chestplate":1,"minecraft:shield":1,"minecraft:stick":92,"minecraft:iron_ingot":47,"minecraft:iron_pickaxe":2,"minecraft:wooden_axe":1,"minecraft:stone_sword":2,"minecraft:iron_leggings":1,"minecraft:white_bed":1,"minecraft:torch":24},"minecraft:broken":{"minecraft:wooden_sword":1,"minecraft:wooden_axe":1},"minecraft:picked_up":{"minecraft:wooden_axe":1,"minecraft:crafting_table":2,"minecraft:chicken":2,"minecraft:chest_minecart":1,"minecraft:wooden_pickaxe":1,"minecraft:string":18,"minecraft:raw_copper":11,"minecraft:oak_sign":1,"minecraft:cobbled_deepslate":11,"minecraft:beef":1,"minecraft:poppy":1,"minecraft:iron_pickaxe":2,"minecraft:chest":2,"minecraft:birch_sapling":1,"minecraft:furnace":3,"minecraft:raw_iron":76,"minecraft:stick":4,"minecraft:torch":8,"minecraft:porkchop":8,"minecraft:cherry_log":11,"minecraft:diorite":12,"minecraft:carrot":1,"minecraft:redstone":106,"minecraft:stone_shovel":2,"minecraft:stone_sword":1,"minecraft:arrow":3,"minecraft:rotten_flesh":2,"minecraft:beetroot_seeds":2,"minecraft:hay_block":26,"minecraft:mutton":13,"minecraft:cobblestone":100,"minecraft:white_wool":7,"minecraft:rail":8,"minecraft:feather":2,"minecraft:cherry_planks":3,"minecraft:andesite":2,"minecraft:potato":9,"minecraft:flint":4,"minecraft:oak_log":63,"minecraft:yellow_bed":4,"minecraft:gunpowder":2,"minecraft:lapis_lazuli":12,"minecraft:bone":3,"minecraft:bow":1,"minecraft:wheat_seeds":8,"minecraft:raw_gold":17,"minecraft:iron_ingot":3,"minecraft:oak_planks":17,"minecraft:gravel":20,"minecraft:spider_eye":1,"minecraft:diamond":3,"minecraft:stone_axe":1,"minecraft:granite":1,"minecraft:gray_wool":1,"minecraft:bread":2,"minecraft:oak_sapling":4,"minecraft:black_wool":2,"minecraft:melon_seeds":3,"minecraft:coal":86},"minecraft:dropped":{"minecraft:feather":2,"minecraft:chest_minecart":1,"minecraft:cherry_planks":5,"minecraft:string":1,"minecraft:gravel":5,"minecraft:stone_sword":2,"minecraft:birch_sapling":1,"minecraft:rotten_flesh":2,"minecraft:oak_planks":81,"minecraft:oak_sapling":4,"minecraft:spider_eye":1,"minecraft:stone_pickaxe":1,"minecraft:wooden_pickaxe":1},"minecraft:used":{"minecraft:stone_sword":41,"minecraft:stone_shovel":56,"minecraft:poppy":1,"minecraft:chest":1,"minecraft:shield":1,"minecraft:iron_sword":59,"minecraft:cooked_chicken":2,"minecraft:torch":26,"minecraft:mutton":7,"minecraft:granite":1,"minecraft:wooden_axe":61,"minecraft:hay_block":2,"minecraft:furnace":5,"minecraft:cooked_beef":1,"minecraft:cobbled_deepslate":5,"minecraft:cooked_mutton":3,"minecraft:diorite":4,"minecraft:stone_pickaxe":54,"minecraft:oak_planks":18,"minecraft:wooden_pickaxe":81,"minecraft:white_wool":1,"minecraft:crafting_table":11,"minecraft:bread":11,"minecraft:iron_pickaxe":130,"minecraft:gravel":11,"minecraft:wooden_sword":54,"minecraft:cobblestone":61,"minecraft:cooked_porkchop":3,"minecraft:bucket":2,"minecraft:yellow_bed":3}},"DataVersion":3953}