{"stats":{"minecraft:crafted":{"minecraft:wooden_sword":1,"minecraft:oak_door":3,"minecraft:oak_slab":6,"minecraft:oak_planks":44,"minecraft:crafting_table":1,"minecraft:wooden_pickaxe":1,"minecraft:cooked_mutton":6,"minecraft:stick":8,"minecraft:wooden_axe":1,"minecraft:white_bed":1},"minecraft:killed":{"minecraft:sheep":4,"minecraft:zombie":1,"minecraft:chicken":1},"minecraft:killed_by":{"minecraft:player":1,"minecraft:zombie":2},"minecraft:mined":{"minecraft:white_bed":1,"minecraft:oak_door":3,"minecraft:crafting_table":3,"minecraft:torch":8,"minecraft:granite":3,"minecraft:short_grass":12,"minecraft:grass_block":13,"minecraft:cobblestone":5,"minecraft:lapis_ore":2,"minecraft:diorite":14,"minecraft:wall_torch":4,"minecraft:iron_ore":2,"minecraft:andesite":12,"minecraft:bee_nest":1,"minecraft:yellow_bed":1,"minecraft:oak_log":25,"minecraft:dirt":18,"minecraft:stone":146,"minecraft:oak_leaves":21},"minecraft:used":{"minecraft:diorite":26,"minecraft:shield":2,"minecraft:wooden_pickaxe":30,"minecraft:iron_sword":13,"minecraft:oak_door":5,"minecraft:torch":23,"minecraft:dirt":40,"minecraft:oak_slab":2,"minecraft:crafting_table":3,"minecraft:white_bed":1,"minecraft:wooden_axe":22,"minecraft:diamond_pickaxe":147,"minecraft:bread":3,"minecraft:iron_pickaxe":24,"minecraft:diamond_sword":14,"minecraft:wooden_sword":1,"minecraft:cobblestone":56,"minecraft:yellow_bed":1,"minecraft:iron_leggings":1},"minecraft:dropped":{"minecraft:oak_planks":9},"minecraft:picked_up":{"minecraft:wooden_axe":1,"minecraft:iron_chestplate":2,"minecraft:crafting_table":4,"minecraft:feather":1,"minecraft:chicken":2,"minecraft:andesite":28,"minecraft:diamond_sword":2,"minecraft:wooden_pickaxe":1,"minecraft:oak_log":30,"minecraft:yellow_bed":1,"minecraft:shield":2,"minecraft:lapis_lazuli":18,"minecraft:dirt":43,"minecraft:wooden_sword":1,"minecraft:iron_leggings":4,"minecraft:cooked_mutton":6,"minecraft:wheat_seeds":3,"minecraft:iron_pickaxe":2,"minecraft:oak_planks":25,"minecraft:iron_sword":2,"minecraft:iron_boots":2,"minecraft:oak_slab":4,"minecraft:stick":3,"minecraft:raw_iron":2,"minecraft:oak_door":4,"minecraft:copper_ingot":1,"minecraft:torch":87,"minecraft:diorite":32,"minecraft:white_bed":2,"minecraft:arrow":2,"minecraft:rotten_flesh":4,"minecraft:diamond_chestplate":2,"minecraft:diamond_boots":2,"minecraft:iron_helmet":2,"minecraft:granite":6,"minecraft:bread":5,"minecraft:oak_sapling":3,"minecraft:black_wool":1,"minecraft:mutton":6,"minecraft:white_wool":3,"minecraft:cobblestone":235,"minecraft:diamond_pickaxe":2},"minecraft:custom":{"minecraft:interact_with_furnace":5,"minecraft:mob_kills":6,"minecraft:interact_with_crafting_table":10,"minecraft:leave_game":9,"minecraft:time_since_death":12005,"minecraft:sleep_in_bed":1,"minecraft:climb_one_cm":41226,"minecraft:time_since_rest":12102,"minecraft:sprint_one_cm":136881,"minecraft:damage_taken":816,"minecraft:walk_one_cm":677905,"minecraft:damage_blocked_by_shield":60,"minecraft:drop":1,"minecraft:damage_dealt":873,"minecraft:fly_one_cm":30088,"minecraft:open_chest":33,"minecraft:crouch_one_cm":2584,"minecraft:play_time":152190,"minecraft:deaths":3,"minecraft:sneak_time":1806,"minecraft:walk_under_water_one_cm":1515,"minecraft:boat_one_cm":9303,"minecraft:jump":1217,"minecraft:walk_on_water_one_cm":12706,"minecraft:total_world_time":152190,"minecraft:fall_one_cm":7171}},"DataVersion":3953}