{"stats":{"minecraft:broken":{"minecraft:stone_pickaxe":1,"minecraft:iron_pickaxe":4,"minecraft:stone_shovel":2},"minecraft:crafted":{"minecraft:oak_door":3,"minecraft:oak_planks":64,"minecraft:stone_shovel":3,"minecraft:oak_sign":9,"minecraft:crimson_sign":3,"minecraft:furnace":2,"minecraft:stone":64,"minecraft:cobblestone_stairs":24,"minecraft:cooked_mutton":15,"minecraft:glass_pane":48,"minecraft:glass":41,"minecraft:polished_deepslate":68,"minecraft:stone_pickaxe":1,"minecraft:chest":3,"minecraft:wheat":45,"minecraft:cooked_beef":4,"minecraft:crimson_planks":436,"minecraft:deepslate":23,"minecraft:diamond_sword":1,"minecraft:cooked_porkchop":24,"minecraft:crafting_table":5,"minecraft:wooden_pickaxe":1,"minecraft:iron_helmet":1,"minecraft:iron_sword":1,"minecraft:bucket":2,"minecraft:birch_planks":104,"minecraft:stone_axe":1,"minecraft:bread":15,"minecraft:crimson_stairs":16,"minecraft:iron_chestplate":1,"minecraft:stick":52,"minecraft:iron_ingot":24,"minecraft:iron_pickaxe":6,"minecraft:stone_sword":3,"minecraft:iron_leggings":1,"minecraft:crimson_door":6,"minecraft:torch":108,"minecraft:deepslate_bricks":68},"minecraft:killed":{"minecraft:spider":1,"minecraft:skeleton":7,"minecraft:chicken":1,"minecraft:pig":7,"minecraft:zombie_villager":1,"minecraft:bat":1,"minecraft:hoglin":1,"minecraft:creeper":2,"minecraft:sheep":2,"minecraft:zombie":9,"minecraft:enderman":1},"minecraft:killed_by":{"minecraft:player":1},"minecraft:mined":{"minecraft:tuff":51,"minecraft:white_bed":2,"minecraft:deepslate_diamond_ore":6,"minecraft:oak_door":2,"minecraft:cobblestone_stairs":2,"minecraft:glow_lichen":1,"minecraft:granite":2,"minecraft:grass_block":207,"minecraft:crimson_roots":1,"minecraft:weeping_vines":3,"minecraft:deepslate_bricks":28,"minecraft:crimson_fungus":1,"minecraft:oak_wall_sign":2,"minecraft:crimson_stem":128,"minecraft:hay_block":5,"minecraft:weeping_vines_plant":4,"minecraft:oak_trapdoor":1,"minecraft:cobbled_deepslate":89,"minecraft:andesite":1,"minecraft:deepslate_lapis_ore":6,"minecraft:oak_sign":4,"minecraft:shroomlight":1,"minecraft:deepslate_iron_ore":9,"minecraft:dirt_path":6,"minecraft:stone":288,"minecraft:deepslate_redstone_ore":13,"minecraft:glass_pane":2,"minecraft:crimson_nylium":2,"minecraft:dandelion":2,"minecraft:oak_fence":1,"minecraft:crafting_table":4,"minecraft:short_grass":27,"minecraft:chest":3,"minecraft:cobblestone":47,"minecraft:glass":1,"minecraft:tall_grass":3,"minecraft:copper_ore":15,"minecraft:diorite":1,"minecraft:crimson_stairs":2,"minecraft:wall_torch":6,"minecraft:birch_planks":4,"minecraft:nether_wart_block":4,"minecraft:birch_log":26,"minecraft:birch_leaves":4,"minecraft:coal_ore":138,"minecraft:gravel":28,"minecraft:sand":34,"minecraft:dirt":280,"minecraft:crimson_planks":58,"minecraft:crimson_wall_sign":1,"minecraft:stone_bricks":17,"minecraft:oak_leaves":1,"minecraft:deepslate":602},"minecraft:used":{"minecraft:stone_sword":119,"minecraft:flint_and_steel":16,"minecraft:stone_shovel":450,"minecraft:oak_sign":1,"minecraft:chest":4,"minecraft:iron_sword":40,"minecraft:wooden_shovel":2,"minecraft:rotten_flesh":2,"minecraft:oak_door":3,"minecraft:torch":120,"minecraft:dirt":408,"minecraft:tuff":11,"minecraft:granite":2,"minecraft:glass":1,"minecraft:crimson_planks":420,"minecraft:stone_bricks":133,"minecraft:furnace":2,"minecraft:oak_sapling":3,"minecraft:cooked_beef":4,"minecraft:cobbled_deepslate":558,"minecraft:cooked_mutton":15,"minecraft:water_bucket":8,"minecraft:cobblestone_stairs":10,"minecraft:birch_planks":99,"minecraft:stone_pickaxe":131,"minecraft:wooden_pickaxe":22,"minecraft:deepslate_bricks":345,"minecraft:white_wool":1,"minecraft:crafting_table":5,"minecraft:white_bed":2,"minecraft:cornflower":2,"minecraft:bread":25,"minecraft:iron_pickaxe":1202,"minecraft:deepslate":23,"minecraft:gravel":10,"minecraft:stone_axe":229,"minecraft:diamond_sword":2,"minecraft:cobblestone":93,"minecraft:crimson_stairs":18,"minecraft:porkchop":3,"minecraft:cooked_porkchop":15,"minecraft:bucket":9,"minecraft:crimson_door":4,"minecraft:andesite":8,"minecraft:glass_pane":46,"minecraft:dandelion":2},"minecraft:dropped":{"minecraft:crimson_planks":64,"minecraft:iron_ingot":15,"minecraft:bread":6,"minecraft:porkchop":4,"minecraft:wheat_seeds":7,"minecraft:cooked_porkchop":28,"minecraft:oak_fence":1,"minecraft:feather":2,"minecraft:cobblestone":244,"minecraft:coal":39,"minecraft:stick":3,"minecraft:cobblestone_stairs":16,"minecraft:dirt":38,"minecraft:deepslate_brick_stairs":4,"minecraft:crimson_roots":1,"minecraft:wooden_axe":2,"minecraft:nether_wart_block":1,"minecraft:wooden_sword":1,"minecraft:iron_pickaxe":1,"minecraft:dandelion":5,"minecraft:bone":4,"minecraft:gravel":1,"minecraft:crimson_fungus":1,"minecraft:raw_copper":37,"minecraft:stone_sword":5,"minecraft:cobbled_deepslate":172,"minecraft:tuff":21,"minecraft:stone_shovel":1,"minecraft:chicken":1,"minecraft:oak_planks":65,"minecraft:stone_slab":6,"minecraft:cooked_mutton":6,"minecraft:white_bed":1,"minecraft:shroomlight":2,"minecraft:stone":64,"minecraft:gunpowder":2,"minecraft:andesite":2,"minecraft:wooden_shovel":1,"minecraft:oak_sapling":2,"minecraft:stone_bricks":58,"minecraft:glass":40,"minecraft:wooden_pickaxe":3,"minecraft:polished_granite":21,"minecraft:netherrack":1,"minecraft:egg":1},"minecraft:picked_up":{"minecraft:wooden_axe":3,"minecraft:iron_chestplate":1,"minecraft:chicken":1,"minecraft:stone_slab":6,"minecraft:wooden_pickaxe":5,"minecraft:crimson_planks":176,"minecraft:golden_sword":1,"minecraft:cornflower":3,"minecraft:raw_copper":37,"minecraft:wooden_sword":1,"minecraft:flint_and_steel":1,"minecraft:shroomlight":2,"minecraft:oak_sign":8,"minecraft:cobbled_deepslate":1141,"minecraft:oak_boat":1,"minecraft:wooden_shovel":1,"minecraft:iron_pickaxe":3,"minecraft:sugar_cane":4,"minecraft:chest":1,"minecraft:crimson_sign":1,"minecraft:iron_boots":1,"minecraft:egg":1,"minecraft:stick":24,"minecraft:raw_iron":21,"minecraft:stone":64,"minecraft:oak_door":2,"minecraft:oak_fence":1,"minecraft:torch":23,"minecraft:porkchop":24,"minecraft:diorite":14,"minecraft:redstone":52,"minecraft:stone_shovel":4,"minecraft:rotten_flesh":7,"minecraft:arrow":9,"minecraft:stone_sword":8,"minecraft:deepslate_bricks":179,"minecraft:hay_block":5,"minecraft:deepslate_brick_stairs":4,"minecraft:mutton":15,"minecraft:white_wool":3,"minecraft:cobblestone":647,"minecraft:birch_log":26,"minecraft:feather":2,"minecraft:crimson_stem":109,"minecraft:andesite":18,"minecraft:birch_planks":30,"minecraft:flint":4,"minecraft:crimson_fungus":1,"minecraft:tuff":40,"minecraft:oak_log":13,"minecraft:nether_wart_block":4,"minecraft:gunpowder":5,"minecraft:cobblestone_stairs":2,"minecraft:lapis_lazuli":31,"minecraft:dirt":487,"minecraft:polished_granite":21,"minecraft:cooked_mutton":6,"minecraft:glass":40,"minecraft:bone":6,"minecraft:stone_bricks":209,"minecraft:wheat_seeds":13,"minecraft:stone_pickaxe":1,"minecraft:iron_ingot":46,"minecraft:oak_planks":80,"minecraft:cooked_porkchop":28,"minecraft:dandelion":10,"minecraft:gravel":11,"minecraft:sand":41,"minecraft:crimson_stairs":2,"minecraft:crimson_door":1,"minecraft:white_bed":4,"minecraft:oak_wood":3,"minecraft:diamond":5,"minecraft:stone_axe":5,"minecraft:granite":28,"minecraft:bread":7,"minecraft:oak_sapling":5,"minecraft:black_wool":1,"minecraft:netherrack":3,"minecraft:coal":194,"minecraft:crimson_roots":1,"minecraft:ender_pearl":1},"minecraft:custom":{"minecraft:mob_kills":33,"minecraft:interact_with_crafting_table":66,"minecraft:open_barrel":10,"minecraft:leave_game":19,"minecraft:time_since_death":210534,"minecraft:sprint_one_cm":484701,"minecraft:walk_one_cm":1586036,"minecraft:drop":83,"minecraft:play_time":366526,"minecraft:deaths":2,"minecraft:sneak_time":58694,"minecraft:walk_under_water_one_cm":28034,"minecraft:boat_one_cm":116279,"minecraft:jump":3409,"minecraft:walk_on_water_one_cm":40895,"minecraft:total_world_time":366526,"minecraft:interact_with_furnace":50,"minecraft:sleep_in_bed":11,"minecraft:time_since_rest":40434,"minecraft:damage_taken":4255,"minecraft:damage_dealt":5445,"minecraft:swim_one_cm":4649,"minecraft:fly_one_cm":90169,"minecraft:open_chest":52,"minecraft:crouch_one_cm":153140,"minecraft:fall_one_cm":63673}},"DataVersion":3953}