{"stats":{"minecraft:custom":{"minecraft:mob_kills":10,"minecraft:interact_with_crafting_table":24,"minecraft:open_barrel":10,"minecraft:leave_game":4,"minecraft:time_since_death":125051,"minecraft:sprint_one_cm":174191,"minecraft:walk_one_cm":716696,"minecraft:drop":39,"minecraft:play_time":151742,"minecraft:deaths":1,"minecraft:sneak_time":8782,"minecraft:walk_under_water_one_cm":10805,"minecraft:boat_one_cm":116279,"minecraft:jump":1415,"minecraft:walk_on_water_one_cm":31816,"minecraft:total_world_time":151742,"minecraft:interact_with_furnace":32,"minecraft:time_since_rest":125099,"minecraft:damage_taken":1607,"minecraft:damage_dealt":1083,"minecraft:swim_one_cm":4649,"minecraft:fly_one_cm":32339,"minecraft:open_chest":5,"minecraft:crouch_one_cm":25695,"minecraft:fall_one_cm":21296},"minecraft:mined":{"minecraft:tuff":33,"minecraft:white_bed":2,"minecraft:deepslate_diamond_ore":3,"minecraft:oak_door":2,"minecraft:granite":2,"minecraft:glow_lichen":1,"minecraft:grass_block":42,"minecraft:oak_wall_sign":1,"minecraft:crimson_stem":35,"minecraft:hay_block":5,"minecraft:weeping_vines_plant":2,"minecraft:cobbled_deepslate":45,"minecraft:andesite":1,"minecraft:oak_sign":3,"minecraft:deepslate_iron_ore":9,"minecraft:stone":190,"minecraft:deepslate_redstone_ore":4,"minecraft:crimson_nylium":2,"minecraft:dandelion":2,"minecraft:oak_fence":1,"minecraft:crafting_table":4,"minecraft:short_grass":18,"minecraft:chest":3,"minecraft:cobblestone":40,"minecraft:tall_grass":3,"minecraft:copper_ore":14,"minecraft:diorite":1,"minecraft:wall_torch":5,"minecraft:birch_planks":4,"minecraft:birch_log":26,"minecraft:birch_leaves":4,"minecraft:coal_ore":70,"minecraft:gravel":28,"minecraft:dirt":41,"minecraft:crimson_planks":14,"minecraft:oak_leaves":1,"minecraft:deepslate":411},"minecraft:killed":{"minecraft:skeleton":3,"minecraft:chicken":1,"minecraft:pig":4,"minecraft:bat":1,"minecraft:zombie":1},"minecraft:killed_by":{"minecraft:player":1},"minecraft:crafted":{"minecraft:oak_door":3,"minecraft:oak_planks":64,"minecraft:oak_sign":3,"minecraft:furnace":2,"minecraft:stone_pickaxe":1,"minecraft:chest":1,"minecraft:wheat":45,"minecraft:cooked_beef":4,"minecraft:crimson_planks":136,"minecraft:diamond_sword":1,"minecraft:cooked_porkchop":10,"minecraft:crafting_table":2,"minecraft:wooden_pickaxe":1,"minecraft:birch_planks":104,"minecraft:stone_axe":1,"minecraft:bread":15,"minecraft:iron_chestplate":1,"minecraft:stick":16,"minecraft:iron_pickaxe":3,"minecraft:iron_ingot":24,"minecraft:stone_sword":2,"minecraft:torch":36},"minecraft:broken":{"minecraft:stone_pickaxe":1,"minecraft:iron_pickaxe":2},"minecraft:picked_up":{"minecraft:wooden_axe":3,"minecraft:chicken":1,"minecraft:wooden_pickaxe":5,"minecraft:crimson_planks":11,"minecraft:golden_sword":1,"minecraft:cornflower":2,"minecraft:raw_copper":33,"minecraft:wooden_sword":1,"minecraft:oak_sign":4,"minecraft:cobbled_deepslate":619,"minecraft:wooden_shovel":1,"minecraft:iron_pickaxe":1,"minecraft:sugar_cane":4,"minecraft:chest":1,"minecraft:egg":1,"minecraft:raw_iron":21,"minecraft:stick":15,"minecraft:oak_door":2,"minecraft:oak_fence":1,"minecraft:torch":14,"minecraft:porkchop":7,"minecraft:diorite":14,"minecraft:redstone":14,"minecraft:stone_shovel":2,"minecraft:stone_sword":4,"minecraft:arrow":3,"minecraft:rotten_flesh":3,"minecraft:hay_block":5,"minecraft:cobblestone":346,"minecraft:white_wool":1,"minecraft:birch_log":26,"minecraft:feather":2,"minecraft:crimson_stem":34,"minecraft:andesite":18,"minecraft:birch_planks":30,"minecraft:flint":2,"minecraft:tuff":25,"minecraft:oak_log":13,"minecraft:gunpowder":2,"minecraft:dirt":92,"minecraft:bone":4,"minecraft:wheat_seeds":8,"minecraft:iron_ingot":15,"minecraft:stone_pickaxe":1,"minecraft:oak_planks":28,"minecraft:dandelion":6,"minecraft:gravel":11,"minecraft:white_bed":2,"minecraft:oak_wood":3,"minecraft:diamond":2,"minecraft:stone_axe":3,"minecraft:granite":28,"minecraft:oak_sapling":5,"minecraft:netherrack":1,"minecraft:coal":120},"minecraft:used":{"minecraft:stone_sword":32,"minecraft:flint_and_steel":2,"minecraft:stone_shovel":92,"minecraft:chest":2,"minecraft:wooden_shovel":2,"minecraft:rotten_flesh":2,"minecraft:oak_door":3,"minecraft:torch":41,"minecraft:dirt":80,"minecraft:tuff":5,"minecraft:granite":2,"minecraft:crimson_planks":111,"minecraft:oak_sapling":3,"minecraft:furnace":2,"minecraft:cooked_beef":4,"minecraft:cobbled_deepslate":141,"minecraft:birch_planks":99,"minecraft:stone_pickaxe":131,"minecraft:wooden_pickaxe":22,"minecraft:white_wool":1,"minecraft:crafting_table":2,"minecraft:cornflower":1,"minecraft:bread":9,"minecraft:iron_pickaxe":691,"minecraft:gravel":10,"minecraft:stone_axe":79,"minecraft:diamond_sword":2,"minecraft:cobblestone":81,"minecraft:porkchop":3,"minecraft:cooked_porkchop":5,"minecraft:andesite":8,"minecraft:dandelion":2},"minecraft:dropped":{"minecraft:iron_ingot":15,"minecraft:bread":6,"minecraft:porkchop":4,"minecraft:wheat_seeds":3,"minecraft:oak_fence":1,"minecraft:feather":2,"minecraft:cobblestone":140,"minecraft:coal":39,"minecraft:dirt":1,"minecraft:wooden_axe":2,"minecraft:wooden_sword":1,"minecraft:dandelion":2,"minecraft:bone":4,"minecraft:gravel":1,"minecraft:stone_sword":1,"minecraft:cobbled_deepslate":172,"minecraft:raw_copper":33,"minecraft:tuff":20,"minecraft:chicken":1,"minecraft:oak_planks":65,"minecraft:white_bed":1,"minecraft:gunpowder":2,"minecraft:andesite":2,"minecraft:oak_sapling":2,"minecraft:wooden_shovel":1,"minecraft:wooden_pickaxe":3,"minecraft:egg":1}},"DataVersion":3953}