{"stats":{"minecraft:custom":{"minecraft:time_since_rest":437,"minecraft:interact_with_furnace":1,"minecraft:sprint_one_cm":69352,"minecraft:damage_taken":362,"minecraft:walk_one_cm":216815,"minecraft:mob_kills":5,"minecraft:drop":15,"minecraft:damage_dealt":799,"minecraft:interact_with_crafting_table":6,"minecraft:fly_one_cm":9479,"minecraft:open_chest":10,"minecraft:crouch_one_cm":952,"minecraft:play_time":76138,"minecraft:sneak_time":594,"minecraft:jump":665,"minecraft:leave_game":1,"minecraft:walk_on_water_one_cm":143,"minecraft:time_since_death":76138,"minecraft:sleep_in_bed":1,"minecraft:total_world_time":76138,"minecraft:fall_one_cm":5212},"minecraft:mined":{"minecraft:deepslate_redstone_ore":8,"minecraft:tuff":75,"minecraft:white_bed":1,"minecraft:deepslate_diamond_ore":2,"minecraft:cobbled_deepslate":2,"minecraft:andesite":80,"minecraft:short_grass":1,"minecraft:torch":1,"minecraft:granite":14,"minecraft:bell":1,"minecraft:grass_block":4,"minecraft:deepslate_iron_ore":32,"minecraft:dirt":30,"minecraft:tall_grass":1,"minecraft:copper_ore":7,"minecraft:cobblestone":1,"minecraft:stone":209,"minecraft:diorite":12,"minecraft:wall_torch":27,"minecraft:deepslate":417},"minecraft:killed":{"minecraft:sheep":2,"minecraft:zombie":1,"minecraft:cow":2},"minecraft:crafted":{"minecraft:stick":8,"minecraft:stone_pickaxe":3,"minecraft:iron_sword":1,"minecraft:stone_axe":1},"minecraft:picked_up":{"minecraft:raw_iron":33,"minecraft:stick":6,"minecraft:feather":1,"minecraft:andesite":79,"minecraft:leather":1,"minecraft:torch":30,"minecraft:wooden_pickaxe":1,"minecraft:tuff":77,"minecraft:diorite":24,"minecraft:white_bed":1,"minecraft:redstone":44,"minecraft:dirt":34,"minecraft:raw_copper":26,"minecraft:wooden_sword":1,"minecraft:rotten_flesh":1,"minecraft:apple":1,"minecraft:diamond":2,"minecraft:wheat_seeds":1,"minecraft:cobbled_deepslate":472,"minecraft:bell":1,"minecraft:granite":14,"minecraft:iron_ingot":2,"minecraft:beef":6,"minecraft:mutton":2,"minecraft:white_wool":2,"minecraft:cobblestone":205,"minecraft:diamond_pickaxe":1},"minecraft:broken":{"minecraft:stone_pickaxe":3,"minecraft:wooden_pickaxe":1},"minecraft:used":{"minecraft:diamond_pickaxe":454,"minecraft:apple":1,"minecraft:stone_pickaxe":409,"minecraft:wooden_pickaxe":57,"minecraft:iron_sword":29,"minecraft:stone_axe":1,"minecraft:salmon":1,"minecraft:torch":30,"minecraft:wooden_sword":6,"minecraft:cobblestone":24,"minecraft:mutton":2,"minecraft:beef":6,"minecraft:cobbled_deepslate":23},"minecraft:dropped":{"minecraft:dirt":1,"minecraft:diorite":12,"minecraft:cobbled_deepslate":449,"minecraft:andesite":79,"minecraft:tuff":77}},"DataVersion":3953}