{"stats":{"minecraft:used":{"minecraft:stone_sword":60,"minecraft:flint_and_steel":12,"minecraft:stone_shovel":360,"minecraft:chest":2,"minecraft:wooden_shovel":2,"minecraft:rotten_flesh":2,"minecraft:oak_door":3,"minecraft:torch":49,"minecraft:dirt":298,"minecraft:tuff":5,"minecraft:granite":2,"minecraft:crimson_planks":282,"minecraft:oak_sapling":3,"minecraft:furnace":2,"minecraft:cooked_beef":4,"minecraft:cobbled_deepslate":359,"minecraft:cobblestone_stairs":10,"minecraft:birch_planks":99,"minecraft:stone_pickaxe":131,"minecraft:wooden_pickaxe":22,"minecraft:deepslate_bricks":62,"minecraft:white_wool":1,"minecraft:crafting_table":4,"minecraft:white_bed":1,"minecraft:cornflower":2,"minecraft:bread":21,"minecraft:iron_pickaxe":849,"minecraft:gravel":10,"minecraft:stone_axe":170,"minecraft:diamond_sword":2,"minecraft:cobblestone":93,"minecraft:porkchop":3,"minecraft:cooked_porkchop":7,"minecraft:crimson_door":2,"minecraft:andesite":8,"minecraft:dandelion":2},"minecraft:mined":{"minecraft:tuff":33,"minecraft:white_bed":2,"minecraft:deepslate_diamond_ore":3,"minecraft:oak_door":2,"minecraft:cobblestone_stairs":2,"minecraft:glow_lichen":1,"minecraft:granite":2,"minecraft:grass_block":174,"minecraft:crimson_roots":1,"minecraft:weeping_vines":3,"minecraft:deepslate_bricks":2,"minecraft:crimson_fungus":1,"minecraft:oak_wall_sign":1,"minecraft:crimson_stem":113,"minecraft:hay_block":5,"minecraft:weeping_vines_plant":4,"minecraft:cobbled_deepslate":66,"minecraft:andesite":1,"minecraft:dirt_path":5,"minecraft:shroomlight":1,"minecraft:oak_sign":3,"minecraft:deepslate_iron_ore":9,"minecraft:stone":282,"minecraft:deepslate_redstone_ore":4,"minecraft:crimson_nylium":2,"minecraft:dandelion":2,"minecraft:oak_fence":1,"minecraft:crafting_table":4,"minecraft:short_grass":25,"minecraft:chest":3,"minecraft:cobblestone":46,"minecraft:tall_grass":3,"minecraft:copper_ore":15,"minecraft:diorite":1,"minecraft:wall_torch":6,"minecraft:birch_planks":4,"minecraft:nether_wart_block":1,"minecraft:birch_log":26,"minecraft:birch_leaves":4,"minecraft:coal_ore":87,"minecraft:gravel":28,"minecraft:dirt":228,"minecraft:crimson_planks":18,"minecraft:oak_leaves":1,"minecraft:deepslate":411},"minecraft:killed":{"minecraft:skeleton":3,"minecraft:chicken":1,"minecraft:pig":4,"minecraft:zombie_villager":1,"minecraft:bat":1,"minecraft:zombie":2},"minecraft:dropped":{"minecraft:crimson_planks":64,"minecraft:iron_ingot":15,"minecraft:bread":6,"minecraft:porkchop":4,"minecraft:wheat_seeds":6,"minecraft:oak_fence":1,"minecraft:feather":2,"minecraft:cobblestone":169,"minecraft:coal":39,"minecraft:stick":3,"minecraft:cobblestone_stairs":16,"minecraft:dirt":38,"minecraft:deepslate_brick_stairs":4,"minecraft:crimson_roots":1,"minecraft:wooden_axe":2,"minecraft:nether_wart_block":1,"minecraft:wooden_sword":1,"minecraft:dandelion":4,"minecraft:bone":4,"minecraft:gravel":1,"minecraft:crimson_fungus":1,"minecraft:raw_copper":37,"minecraft:stone_sword":2,"minecraft:cobbled_deepslate":172,"minecraft:tuff":21,"minecraft:chicken":1,"minecraft:oak_planks":65,"minecraft:stone_slab":6,"minecraft:white_bed":1,"minecraft:shroomlight":2,"minecraft:gunpowder":2,"minecraft:andesite":2,"minecraft:wooden_shovel":1,"minecraft:oak_sapling":2,"minecraft:stone_bricks":58,"minecraft:wooden_pickaxe":3,"minecraft:polished_granite":21,"minecraft:netherrack":1,"minecraft:egg":1},"minecraft:crafted":{"minecraft:oak_door":3,"minecraft:oak_planks":64,"minecraft:stone_shovel":3,"minecraft:oak_sign":6,"minecraft:furnace":2,"minecraft:cobblestone_stairs":24,"minecraft:stone_pickaxe":1,"minecraft:chest":1,"minecraft:wheat":45,"minecraft:cooked_beef":4,"minecraft:crimson_planks":304,"minecraft:diamond_sword":1,"minecraft:cooked_porkchop":10,"minecraft:crafting_table":4,"minecraft:wooden_pickaxe":1,"minecraft:birch_planks":104,"minecraft:stone_axe":1,"minecraft:bread":15,"minecraft:iron_chestplate":1,"minecraft:stick":24,"minecraft:iron_ingot":24,"minecraft:iron_pickaxe":4,"minecraft:stone_sword":3,"minecraft:crimson_door":3,"minecraft:torch":48},"minecraft:picked_up":{"minecraft:wooden_axe":3,"minecraft:iron_chestplate":1,"minecraft:chicken":1,"minecraft:stone_slab":6,"minecraft:wooden_pickaxe":5,"minecraft:crimson_planks":140,"minecraft:golden_sword":1,"minecraft:cornflower":3,"minecraft:raw_copper":37,"minecraft:wooden_sword":1,"minecraft:flint_and_steel":1,"minecraft:shroomlight":2,"minecraft:oak_sign":6,"minecraft:cobbled_deepslate":937,"minecraft:wooden_shovel":1,"minecraft:iron_pickaxe":2,"minecraft:sugar_cane":4,"minecraft:chest":1,"minecraft:iron_boots":1,"minecraft:egg":1,"minecraft:stick":23,"minecraft:raw_iron":21,"minecraft:oak_door":2,"minecraft:oak_fence":1,"minecraft:torch":15,"minecraft:porkchop":7,"minecraft:diorite":14,"minecraft:redstone":14,"minecraft:stone_shovel":3,"minecraft:stone_sword":5,"minecraft:arrow":6,"minecraft:rotten_flesh":4,"minecraft:deepslate_bricks":155,"minecraft:hay_block":5,"minecraft:deepslate_brick_stairs":4,"minecraft:cobblestone":557,"minecraft:white_wool":1,"minecraft:birch_log":26,"minecraft:feather":2,"minecraft:crimson_stem":94,"minecraft:andesite":18,"minecraft:birch_planks":30,"minecraft:flint":4,"minecraft:crimson_fungus":1,"minecraft:tuff":26,"minecraft:oak_log":13,"minecraft:nether_wart_block":1,"minecraft:gunpowder":2,"minecraft:cobblestone_stairs":2,"minecraft:dirt":403,"minecraft:polished_granite":21,"minecraft:bone":4,"minecraft:stone_bricks":192,"minecraft:wheat_seeds":11,"minecraft:stone_pickaxe":1,"minecraft:iron_ingot":24,"minecraft:oak_planks":79,"minecraft:dandelion":8,"minecraft:gravel":11,"minecraft:crimson_door":1,"minecraft:white_bed":3,"minecraft:oak_wood":3,"minecraft:diamond":2,"minecraft:stone_axe":5,"minecraft:granite":28,"minecraft:oak_sapling":5,"minecraft:netherrack":3,"minecraft:coal":143,"minecraft:crimson_roots":1},"minecraft:broken":{"minecraft:stone_pickaxe":1,"minecraft:iron_pickaxe":2,"minecraft:stone_shovel":2},"minecraft:killed_by":{"minecraft:player":1},"minecraft:custom":{"minecraft:mob_kills":12,"minecraft:interact_with_crafting_table":34,"minecraft:open_barrel":10,"minecraft:leave_game":10,"minecraft:time_since_death":69773,"minecraft:sprint_one_cm":298067,"minecraft:walk_one_cm":945050,"minecraft:drop":64,"minecraft:play_time":225765,"minecraft:deaths":2,"minecraft:sneak_time":32904,"minecraft:walk_under_water_one_cm":10805,"minecraft:boat_one_cm":116279,"minecraft:jump":2191,"minecraft:walk_on_water_one_cm":31816,"minecraft:total_world_time":225765,"minecraft:interact_with_furnace":32,"minecraft:sleep_in_bed":4,"minecraft:time_since_rest":8386,"minecraft:damage_taken":2480,"minecraft:damage_dealt":1497,"minecraft:swim_one_cm":4649,"minecraft:fly_one_cm":56331,"minecraft:open_chest":8,"minecraft:crouch_one_cm":79594,"minecraft:fall_one_cm":39463}},"DataVersion":3953}