{"stats":{"minecraft:custom":{"minecraft:interact_with_furnace":40,"minecraft:mob_kills":20,"minecraft:interact_with_crafting_table":19,"minecraft:time_since_death":36808,"minecraft:sleep_in_bed":1,"minecraft:time_since_rest":14609,"minecraft:sprint_one_cm":229788,"minecraft:damage_taken":1390,"minecraft:walk_one_cm":252422,"minecraft:drop":5,"minecraft:damage_dealt":2340,"minecraft:swim_one_cm":3481,"minecraft:fly_one_cm":54160,"minecraft:open_chest":1,"minecraft:crouch_one_cm":3332,"minecraft:play_time":71992,"minecraft:deaths":3,"minecraft:sneak_time":1574,"minecraft:walk_under_water_one_cm":205,"minecraft:jump":801,"minecraft:walk_on_water_one_cm":3396,"minecraft:total_world_time":71992,"minecraft:fall_one_cm":16983},"minecraft:mined":{"minecraft:deepslate_redstone_ore":8,"minecraft:cherry_log":11,"minecraft:crafting_table":1,"minecraft:short_grass":3,"minecraft:chest":1,"minecraft:tall_grass":1,"minecraft:copper_ore":4,"minecraft:cobblestone":2,"minecraft:deepslate_gold_ore":10,"minecraft:diorite":2,"minecraft:hay_block":27,"minecraft:redstone_ore":2,"minecraft:furnace":1,"minecraft:carrots":1,"minecraft:iron_ore":28,"minecraft:wheat":5,"minecraft:andesite":2,"minecraft:yellow_bed":4,"minecraft:coal_ore":13,"minecraft:beetroots":2,"minecraft:potatoes":3,"minecraft:oak_log":63,"minecraft:deepslate_iron_ore":15,"minecraft:cherry_leaves":3,"minecraft:gravel":18,"minecraft:stone":86,"minecraft:gold_ore":5,"minecraft:white_wool":1,"minecraft:oak_leaves":7,"minecraft:deepslate":6},"minecraft:killed_by":{"minecraft:skeleton":2,"minecraft:zombie":1},"minecraft:killed":{"minecraft:pig":4,"minecraft:sheep":9,"minecraft:skeleton":3,"minecraft:chicken":2,"minecraft:cow":1},"minecraft:crafted":{"minecraft:cooked_beef":1,"minecraft:cherry_planks":44,"minecraft:wooden_sword":1,"minecraft:oak_planks":248,"minecraft:cooked_porkchop":3,"minecraft:crafting_table":6,"minecraft:wooden_pickaxe":2,"minecraft:cooked_chicken":2,"minecraft:iron_sword":1,"minecraft:furnace":3,"minecraft:bone_meal":6,"minecraft:oak_wood":3,"minecraft:stone_axe":1,"minecraft:bread":24,"minecraft:cooked_mutton":3,"minecraft:stick":72,"minecraft:iron_ingot":15,"minecraft:iron_pickaxe":2,"minecraft:stone_pickaxe":2,"minecraft:wooden_axe":1,"minecraft:stone_sword":2,"minecraft:white_bed":1,"minecraft:torch":24,"minecraft:wheat":72},"minecraft:broken":{"minecraft:wooden_sword":1,"minecraft:wooden_axe":1},"minecraft:picked_up":{"minecraft:wooden_axe":1,"minecraft:crafting_table":2,"minecraft:feather":2,"minecraft:chicken":2,"minecraft:cherry_planks":3,"minecraft:andesite":2,"minecraft:wooden_pickaxe":1,"minecraft:potato":9,"minecraft:flint":4,"minecraft:oak_log":63,"minecraft:yellow_bed":4,"minecraft:gunpowder":2,"minecraft:raw_copper":11,"minecraft:bone":3,"minecraft:bow":1,"minecraft:wheat_seeds":8,"minecraft:cobbled_deepslate":6,"minecraft:raw_gold":15,"minecraft:beef":1,"minecraft:poppy":1,"minecraft:iron_pickaxe":1,"minecraft:chest":1,"minecraft:birch_sapling":1,"minecraft:furnace":1,"minecraft:stick":4,"minecraft:raw_iron":43,"minecraft:gravel":15,"minecraft:porkchop":8,"minecraft:cherry_log":11,"minecraft:diorite":10,"minecraft:carrot":1,"minecraft:redstone":47,"minecraft:stone_sword":1,"minecraft:arrow":3,"minecraft:stone_shovel":2,"minecraft:beetroot_seeds":2,"minecraft:stone_axe":1,"minecraft:hay_block":26,"minecraft:gray_wool":1,"minecraft:coal":46,"minecraft:oak_sapling":4,"minecraft:black_wool":2,"minecraft:mutton":13,"minecraft:white_wool":7,"minecraft:cobblestone":84},"minecraft:dropped":{"minecraft:stone_sword":1,"minecraft:oak_planks":64,"minecraft:cherry_planks":5,"minecraft:stone_pickaxe":1,"minecraft:wooden_pickaxe":1},"minecraft:used":{"minecraft:cooked_mutton":3,"minecraft:diorite":2,"minecraft:stone_sword":41,"minecraft:stone_shovel":17,"minecraft:stone_pickaxe":54,"minecraft:poppy":1,"minecraft:oak_planks":1,"minecraft:wooden_pickaxe":81,"minecraft:white_wool":1,"minecraft:torch":7,"minecraft:mutton":7,"minecraft:crafting_table":7,"minecraft:wooden_axe":61,"minecraft:bread":8,"minecraft:iron_pickaxe":53,"minecraft:gravel":10,"minecraft:wooden_sword":54,"minecraft:cobblestone":46,"minecraft:hay_block":2,"minecraft:furnace":3,"minecraft:yellow_bed":3}},"DataVersion":3953}