{"stats":{"minecraft:custom":{"minecraft:interact_with_furnace":2,"minecraft:mob_kills":5,"minecraft:interact_with_crafting_table":9,"minecraft:open_barrel":2,"minecraft:leave_game":1,"minecraft:time_since_death":88138,"minecraft:sleep_in_bed":1,"minecraft:time_since_rest":12437,"minecraft:sprint_one_cm":69352,"minecraft:damage_taken":362,"minecraft:walk_one_cm":290597,"minecraft:drop":16,"minecraft:damage_dealt":799,"minecraft:fly_one_cm":9583,"minecraft:open_chest":12,"minecraft:crouch_one_cm":952,"minecraft:play_time":88138,"minecraft:sneak_time":594,"minecraft:jump":756,"minecraft:walk_on_water_one_cm":143,"minecraft:total_world_time":88138,"minecraft:fall_one_cm":5690},"minecraft:mined":{"minecraft:deepslate_redstone_ore":8,"minecraft:tuff":75,"minecraft:white_bed":1,"minecraft:deepslate_diamond_ore":2,"minecraft:torch":1,"minecraft:granite":14,"minecraft:short_grass":1,"minecraft:grass_block":4,"minecraft:tall_grass":1,"minecraft:copper_ore":7,"minecraft:cobblestone":1,"minecraft:diorite":12,"minecraft:wall_torch":27,"minecraft:cobbled_deepslate":2,"minecraft:andesite":80,"minecraft:bell":1,"minecraft:oak_log":10,"minecraft:deepslate_iron_ore":32,"minecraft:dirt":30,"minecraft:stone":209,"minecraft:oak_leaves":3,"minecraft:deepslate":417},"minecraft:killed":{"minecraft:sheep":2,"minecraft:zombie":1,"minecraft:cow":2},"minecraft:crafted":{"minecraft:oak_planks":40,"minecraft:oak_sign":3,"minecraft:diamond_sword":1,"minecraft:crafting_table":3,"minecraft:iron_sword":1,"minecraft:stone_axe":1,"minecraft:stick":20,"minecraft:stone_pickaxe":3,"minecraft:wooden_axe":1,"minecraft:chest":1},"minecraft:picked_up":{"minecraft:feather":1,"minecraft:andesite":79,"minecraft:leather":1,"minecraft:wooden_pickaxe":1,"minecraft:tuff":77,"minecraft:oak_log":10,"minecraft:dirt":37,"minecraft:raw_copper":26,"minecraft:wooden_sword":1,"minecraft:apple":1,"minecraft:wheat_seeds":3,"minecraft:cobbled_deepslate":472,"minecraft:bell":1,"minecraft:iron_ingot":2,"minecraft:beef":6,"minecraft:chest":4,"minecraft:furnace":1,"minecraft:stick":6,"minecraft:raw_iron":33,"minecraft:torch":30,"minecraft:diorite":24,"minecraft:white_bed":1,"minecraft:redstone":44,"minecraft:rotten_flesh":1,"minecraft:diamond":2,"minecraft:granite":14,"minecraft:mutton":2,"minecraft:white_wool":2,"minecraft:cobblestone":205,"minecraft:diamond_pickaxe":1},"minecraft:broken":{"minecraft:stone_pickaxe":3,"minecraft:wooden_pickaxe":1},"minecraft:dropped":{"minecraft:cobbled_deepslate":449,"minecraft:tuff":77,"minecraft:dirt":1,"minecraft:diorite":12,"minecraft:andesite":79,"minecraft:chest":2},"minecraft:used":{"minecraft:stone_pickaxe":409,"minecraft:chest":2,"minecraft:wooden_pickaxe":57,"minecraft:iron_sword":29,"minecraft:salmon":1,"minecraft:torch":30,"minecraft:mutton":2,"minecraft:crafting_table":3,"minecraft:wooden_axe":7,"minecraft:diamond_pickaxe":454,"minecraft:apple":1,"minecraft:stone_axe":1,"minecraft:wooden_sword":6,"minecraft:cobblestone":24,"minecraft:beef":6,"minecraft:furnace":1,"minecraft:cobbled_deepslate":23}},"DataVersion":3953}