{"stats":{"minecraft:dropped":{"minecraft:oak_sapling":1,"minecraft:apple":1},"minecraft:used":{"minecraft:spruce_boat":1,"minecraft:cooked_mutton":2,"minecraft:apple":1,"minecraft:sunflower":8,"minecraft:oak_planks":2,"minecraft:dirt":37,"minecraft:crafting_table":3,"minecraft:white_bed":1,"minecraft:spruce_log":1},"minecraft:custom":{"minecraft:time_since_rest":1886,"minecraft:interact_with_furnace":3,"minecraft:sprint_one_cm":159820,"minecraft:damage_taken":1161,"minecraft:walk_one_cm":535231,"minecraft:mob_kills":4,"minecraft:drop":2,"minecraft:damage_dealt":360,"minecraft:swim_one_cm":4574,"minecraft:interact_with_crafting_table":4,"minecraft:fly_one_cm":26865,"minecraft:open_chest":9,"minecraft:crouch_one_cm":480,"minecraft:play_time":105267,"minecraft:deaths":4,"minecraft:sneak_time":401,"minecraft:walk_under_water_one_cm":11001,"minecraft:boat_one_cm":158744,"minecraft:jump":1404,"minecraft:leave_game":4,"minecraft:walk_on_water_one_cm":30273,"minecraft:time_since_death":65070,"minecraft:sleep_in_bed":6,"minecraft:climb_one_cm":340,"minecraft:total_world_time":105267,"minecraft:horse_one_cm":1017,"minecraft:fall_one_cm":13099},"minecraft:killed":{"minecraft:sheep":4},"minecraft:killed_by":{"minecraft:drowned":1,"minecraft:creeper":1},"minecraft:mined":{"minecraft:large_fern":1,"minecraft:seagrass":5,"minecraft:tall_seagrass":2,"minecraft:white_bed":1,"minecraft:oak_door":1,"minecraft:birch_log":5,"minecraft:spruce_log":10,"minecraft:birch_leaves":1,"minecraft:crafting_table":3,"minecraft:short_grass":39,"minecraft:grass_block":52,"minecraft:sunflower":78,"minecraft:dirt":17,"minecraft:sand":1,"minecraft:glass":1,"minecraft:tall_grass":2,"minecraft:spruce_leaves":1,"minecraft:oak_planks":2,"minecraft:oak_leaves":9},"minecraft:picked_up":{"minecraft:birch_log":5,"minecraft:stick":2,"minecraft:crafting_table":4,"minecraft:oak_door":1,"minecraft:birch_boat":1,"minecraft:sand":1,"minecraft:white_bed":1,"minecraft:spruce_log":10,"minecraft:dirt":57,"minecraft:cooked_mutton":7,"minecraft:stone_sword":1,"minecraft:apple":2,"minecraft:wheat_seeds":3,"minecraft:stone_pickaxe":1,"minecraft:gray_wool":2,"minecraft:oak_sapling":1,"minecraft:mutton":6,"minecraft:birch_sapling":1,"minecraft:oak_planks":3,"minecraft:egg":1,"minecraft:white_wool":2,"minecraft:sunflower":75},"minecraft:crafted":{"minecraft:crafting_table":1,"minecraft:spruce_planks":16,"minecraft:spruce_boat":1,"minecraft:birch_planks":20,"minecraft:cooked_mutton":1}},"DataVersion":3953}