{"stats":{"minecraft:custom":{"minecraft:mob_kills":61,"minecraft:interact_with_crafting_table":45,"minecraft:open_barrel":13,"minecraft:leave_game":1,"minecraft:time_since_death":172054,"minecraft:climb_one_cm":632,"minecraft:sprint_one_cm":230822,"minecraft:walk_one_cm":454660,"minecraft:damage_blocked_by_shield":115,"minecraft:drop":102,"minecraft:talked_to_villager":3,"minecraft:play_time":172054,"minecraft:sneak_time":20402,"minecraft:walk_under_water_one_cm":3666,"minecraft:boat_one_cm":236547,"minecraft:jump":2215,"minecraft:walk_on_water_one_cm":11327,"minecraft:total_world_time":172054,"minecraft:interact_with_furnace":74,"minecraft:sleep_in_bed":5,"minecraft:time_since_rest":14050,"minecraft:damage_taken":696,"minecraft:damage_dealt":10088,"minecraft:swim_one_cm":13712,"minecraft:fly_one_cm":380876,"minecraft:open_chest":37,"minecraft:crouch_one_cm":120683,"minecraft:fall_one_cm":56008},"minecraft:mined":{"minecraft:tuff":26,"minecraft:spruce_planks":1,"minecraft:white_bed":3,"minecraft:deepslate_diamond_ore":59,"minecraft:granite":67,"minecraft:grass_block":1283,"minecraft:oak_wall_sign":1,"minecraft:oxeye_daisy":1,"minecraft:crimson_stem":72,"minecraft:weeping_vines_plant":2,"minecraft:hay_block":1,"minecraft:furnace":8,"minecraft:cobbled_deepslate":34,"minecraft:fire":23,"minecraft:iron_ore":74,"minecraft:barrel":3,"minecraft:andesite":26,"minecraft:deepslate_lapis_ore":4,"minecraft:deepslate_iron_ore":23,"minecraft:dirt_path":3,"minecraft:stone":462,"minecraft:deepslate_redstone_ore":17,"minecraft:dandelion":5,"minecraft:crafting_table":12,"minecraft:jungle_stairs":1,"minecraft:short_grass":232,"minecraft:chest":2,"minecraft:nether_quartz_ore":4,"minecraft:cobblestone":18,"minecraft:tall_grass":41,"minecraft:copper_ore":1,"minecraft:deepslate_gold_ore":10,"minecraft:oak_planks":2,"minecraft:sugar_cane":5,"minecraft:diorite":19,"minecraft:wall_torch":1,"minecraft:birch_log":26,"minecraft:birch_leaves":1,"minecraft:bee_nest":1,"minecraft:coal_ore":77,"minecraft:oak_log":272,"minecraft:gravel":146,"minecraft:dirt":393,"minecraft:netherrack":1,"minecraft:oak_leaves":47,"minecraft:deepslate":1172},"minecraft:killed":{"minecraft:spider":1,"minecraft:phantom":4,"minecraft:horse":3,"minecraft:skeleton":4,"minecraft:bee":1,"minecraft:chicken":5,"minecraft:drowned":1,"minecraft:pig":8,"minecraft:iron_golem":1,"minecraft:bat":1,"minecraft:creeper":5,"minecraft:sheep":5,"minecraft:zombie":11,"minecraft:enderman":1,"minecraft:cow":10},"minecraft:crafted":{"minecraft:oak_door":3,"minecraft:oak_planks":308,"minecraft:stone_shovel":1,"minecraft:oak_sign":3,"minecraft:furnace":3,"minecraft:diamond_shovel":1,"minecraft:flint_and_steel":1,"minecraft:iron_boots":1,"minecraft:iron_axe":1,"minecraft:stone_pickaxe":1,"minecraft:chest":4,"minecraft:cooked_beef":15,"minecraft:golden_boots":1,"minecraft:wheat":9,"minecraft:crimson_planks":20,"minecraft:diamond_sword":1,"minecraft:cooked_porkchop":8,"minecraft:diamond_axe":1,"minecraft:crafting_table":6,"minecraft:wooden_pickaxe":1,"minecraft:iron_helmet":1,"minecraft:iron_sword":1,"minecraft:birch_planks":28,"minecraft:stone_axe":1,"minecraft:bread":3,"minecraft:air":0,"minecraft:oak_boat":2,"minecraft:iron_chestplate":1,"minecraft:diamond_pickaxe":2,"minecraft:charcoal":1,"minecraft:shield":1,"minecraft:stick":76,"minecraft:iron_ingot":75,"minecraft:iron_pickaxe":4,"minecraft:wooden_axe":1,"minecraft:stone_sword":1,"minecraft:gold_ingot":2,"minecraft:iron_shovel":2,"minecraft:iron_leggings":1,"minecraft:torch":36,"minecraft:diamond_chestplate":1},"minecraft:broken":{"minecraft:iron_shovel":1,"minecraft:stone_pickaxe":1,"minecraft:iron_pickaxe":4},"minecraft:picked_up":{"minecraft:crafting_table":12,"minecraft:azure_bluet":5,"minecraft:chicken":6,"minecraft:wooden_pickaxe":1,"minecraft:cornflower":1,"minecraft:raw_copper":3,"minecraft:flint_and_steel":2,"minecraft:iron_shovel":1,"minecraft:oak_sign":2,"minecraft:cobbled_deepslate":1179,"minecraft:spruce_planks":1,"minecraft:beef":19,"minecraft:oak_boat":4,"minecraft:poppy":6,"minecraft:light_gray_wool":2,"minecraft:sugar_cane":6,"minecraft:phantom_membrane":2,"minecraft:egg":1,"minecraft:furnace":8,"minecraft:raw_iron":121,"minecraft:stick":2,"minecraft:oak_door":3,"minecraft:oak_fence":1,"minecraft:torch":3,"minecraft:porkchop":20,"minecraft:diorite":43,"minecraft:redstone":80,"minecraft:weeping_vines":1,"minecraft:rotten_flesh":9,"minecraft:arrow":2,"minecraft:jungle_stairs":1,"minecraft:hay_block":1,"minecraft:obsidian":10,"minecraft:mutton":8,"minecraft:cobblestone":524,"minecraft:white_wool":4,"minecraft:oxeye_daisy":11,"minecraft:birch_log":33,"minecraft:feather":4,"minecraft:crimson_stem":69,"minecraft:andesite":30,"minecraft:leather":16,"minecraft:golden_leggings":1,"minecraft:flint":20,"minecraft:tuff":25,"minecraft:oak_log":264,"minecraft:gunpowder":1,"minecraft:lapis_lazuli":8,"minecraft:dirt":1509,"minecraft:bone":1,"minecraft:bow":1,"minecraft:wheat_seeds":93,"minecraft:raw_gold":10,"minecraft:iron_ingot":4,"minecraft:oak_planks":2,"minecraft:quartz":4,"minecraft:dandelion":29,"minecraft:gravel":142,"minecraft:white_bed":6,"minecraft:barrel":2,"minecraft:diamond":59,"minecraft:granite":96,"minecraft:bread":6,"minecraft:oak_sapling":5,"minecraft:coal":292,"minecraft:ender_pearl":1},"minecraft:used":{"minecraft:iron_shovel":443,"minecraft:flint_and_steel":23,"minecraft:oak_sign":1,"minecraft:shield":4,"minecraft:chest":4,"minecraft:iron_sword":121,"minecraft:rotten_flesh":9,"minecraft:iron_chestplate":1,"minecraft:oak_door":1,"minecraft:torch":17,"minecraft:dirt":106,"minecraft:obsidian":10,"minecraft:wooden_axe":25,"minecraft:iron_axe":199,"minecraft:iron_helmet":1,"minecraft:iron_boots":1,"minecraft:barrel":2,"minecraft:diamond_chestplate":1,"minecraft:light_gray_wool":1,"minecraft:furnace":10,"minecraft:egg":1,"minecraft:cooked_beef":4,"minecraft:cobbled_deepslate":121,"minecraft:golden_boots":1,"minecraft:iron_leggings":1,"minecraft:birch_planks":5,"minecraft:stone_pickaxe":131,"minecraft:oak_planks":178,"minecraft:wooden_pickaxe":14,"minecraft:diamond_axe":217,"minecraft:crafting_table":18,"minecraft:white_bed":4,"minecraft:diamond_pickaxe":981,"minecraft:diamond_shovel":1403,"minecraft:iron_pickaxe":999,"minecraft:stone_axe":2,"minecraft:diamond_sword":48,"minecraft:cobblestone":63,"minecraft:cooked_porkchop":8,"minecraft:oak_boat":6},"minecraft:dropped":{"minecraft:iron_ingot":5,"minecraft:iron_sword":1,"minecraft:wheat_seeds":56,"minecraft:oak_log":9,"minecraft:oak_fence":1,"minecraft:feather":4,"minecraft:cobblestone":340,"minecraft:granite":59,"minecraft:oxeye_daisy":11,"minecraft:dirt":6,"minecraft:diorite":43,"minecraft:cornflower":1,"minecraft:wooden_axe":1,"minecraft:iron_shovel":1,"minecraft:birch_log":7,"minecraft:bone":1,"minecraft:dandelion":16,"minecraft:oak_door":2,"minecraft:gravel":121,"minecraft:stone_axe":1,"minecraft:cobbled_deepslate":1032,"minecraft:stone_sword":1,"minecraft:tuff":25,"minecraft:raw_iron":14,"minecraft:stone_shovel":1,"minecraft:stripped_oak_log":12,"minecraft:azure_bluet":4,"minecraft:flint_and_steel":1,"minecraft:poppy":3,"minecraft:gunpowder":1,"minecraft:diamond_pickaxe":1,"minecraft:andesite":27,"minecraft:golden_leggings":2,"minecraft:arrow":2,"minecraft:bow":1,"minecraft:wooden_pickaxe":2}},"DataVersion":3953}