{"stats":{"minecraft:custom":{"minecraft:interact_with_furnace":32,"minecraft:mob_kills":4,"minecraft:interact_with_crafting_table":20,"minecraft:leave_game":1,"minecraft:time_since_death":34054,"minecraft:time_since_rest":34054,"minecraft:sprint_one_cm":41635,"minecraft:damage_taken":20,"minecraft:walk_one_cm":91100,"minecraft:drop":33,"minecraft:damage_dealt":664,"minecraft:fly_one_cm":30372,"minecraft:crouch_one_cm":18290,"minecraft:play_time":34054,"minecraft:sneak_time":2952,"minecraft:walk_under_water_one_cm":437,"minecraft:jump":313,"minecraft:walk_on_water_one_cm":3189,"minecraft:total_world_time":34054,"minecraft:fall_one_cm":4786},"minecraft:mined":{"minecraft:dandelion":3,"minecraft:crafting_table":4,"minecraft:granite":30,"minecraft:short_grass":116,"minecraft:grass_block":187,"minecraft:tall_grass":26,"minecraft:cobblestone":2,"minecraft:sugar_cane":5,"minecraft:oak_planks":1,"minecraft:oxeye_daisy":1,"minecraft:diorite":19,"minecraft:furnace":2,"minecraft:birch_log":7,"minecraft:iron_ore":48,"minecraft:andesite":10,"minecraft:oak_log":57,"minecraft:coal_ore":68,"minecraft:dirt":43,"minecraft:stone":159,"minecraft:oak_leaves":3},"minecraft:killed":{"minecraft:bat":1,"minecraft:horse":3},"minecraft:crafted":{"minecraft:oak_door":3,"minecraft:oak_planks":204,"minecraft:stone_shovel":1,"minecraft:crafting_table":2,"minecraft:iron_helmet":1,"minecraft:wooden_pickaxe":1,"minecraft:iron_sword":1,"minecraft:furnace":2,"minecraft:stone_axe":1,"minecraft:air":0,"minecraft:iron_boots":1,"minecraft:iron_chestplate":1,"minecraft:charcoal":1,"minecraft:shield":1,"minecraft:iron_axe":1,"minecraft:stick":48,"minecraft:iron_ingot":34,"minecraft:iron_pickaxe":1,"minecraft:stone_pickaxe":1,"minecraft:wooden_axe":1,"minecraft:stone_sword":1,"minecraft:iron_shovel":1,"minecraft:iron_leggings":1,"minecraft:torch":36},"minecraft:picked_up":{"minecraft:birch_log":14,"minecraft:crafting_table":4,"minecraft:azure_bluet":4,"minecraft:andesite":14,"minecraft:leather":3,"minecraft:wooden_pickaxe":1,"minecraft:oak_log":57,"minecraft:cornflower":1,"minecraft:dirt":229,"minecraft:wheat_seeds":54,"minecraft:poppy":2,"minecraft:sugar_cane":6,"minecraft:oak_planks":1,"minecraft:furnace":2,"minecraft:raw_iron":53,"minecraft:oak_door":2,"minecraft:dandelion":16,"minecraft:diorite":43,"minecraft:granite":59,"minecraft:coal":105,"minecraft:cobblestone":161,"minecraft:oxeye_daisy":9},"minecraft:broken":{"minecraft:stone_pickaxe":1},"minecraft:used":{"minecraft:iron_shovel":219,"minecraft:stone_pickaxe":131,"minecraft:oak_planks":116,"minecraft:wooden_pickaxe":14,"minecraft:iron_sword":14,"minecraft:iron_chestplate":1,"minecraft:oak_door":1,"minecraft:torch":4,"minecraft:dirt":22,"minecraft:crafting_table":6,"minecraft:wooden_axe":25,"minecraft:iron_axe":36,"minecraft:iron_pickaxe":203,"minecraft:iron_helmet":1,"minecraft:iron_boots":1,"minecraft:stone_axe":2,"minecraft:cobblestone":41,"minecraft:furnace":4,"minecraft:iron_leggings":1},"minecraft:dropped":{"minecraft:oak_door":2,"minecraft:stone_axe":1,"minecraft:wheat_seeds":54,"minecraft:stone_sword":1,"minecraft:stone_shovel":1,"minecraft:granite":59,"minecraft:azure_bluet":4,"minecraft:oxeye_daisy":9,"minecraft:poppy":2,"minecraft:diorite":43,"minecraft:cornflower":1,"minecraft:wooden_axe":1,"minecraft:andesite":14,"minecraft:wooden_pickaxe":2,"minecraft:birch_log":7,"minecraft:dandelion":16}},"DataVersion":3953}