{"stats":{"minecraft:crafted":{"minecraft:oak_planks":1344,"minecraft:cobblestone_slab":768,"minecraft:oak_sign":72,"minecraft:birch_boat":1,"minecraft:cooked_chicken":1,"minecraft:diamond_shovel":2,"minecraft:cooked_mutton":1,"minecraft:hopper":4,"minecraft:iron_boots":3,"minecraft:chest":98,"minecraft:golden_boots":2,"minecraft:oak_slab":126,"minecraft:cooked_porkchop":12,"minecraft:diamond_axe":1,"minecraft:crafting_table":9,"minecraft:wooden_pickaxe":1,"minecraft:iron_helmet":2,"minecraft:copper_ingot":223,"minecraft:birch_planks":40,"minecraft:iron_chestplate":1,"minecraft:diamond_pickaxe":6,"minecraft:charcoal":1,"minecraft:shield":1,"minecraft:stick":236,"minecraft:iron_ingot":134,"minecraft:iron_pickaxe":4,"minecraft:stone_sword":1,"minecraft:gold_ingot":32,"minecraft:sandstone":16,"minecraft:cherry_planks":4,"minecraft:oak_door":3,"minecraft:redstone":27,"minecraft:stone_shovel":1,"minecraft:tripwire_hook":2,"minecraft:furnace":35,"minecraft:bone_meal":27,"minecraft:oak_trapdoor":2,"minecraft:flint_and_steel":1,"minecraft:iron_axe":1,"minecraft:ladder":36,"minecraft:stone_pickaxe":1,"minecraft:diamond_boots":2,"minecraft:redstone_block":7,"minecraft:wheat":9,"minecraft:cooked_beef":25,"minecraft:crimson_planks":20,"minecraft:diamond_sword":2,"minecraft:iron_sword":2,"minecraft:bucket":2,"minecraft:stone_axe":1,"minecraft:bread":3,"minecraft:air":0,"minecraft:oak_boat":2,"minecraft:golden_apple":5,"minecraft:wooden_axe":1,"minecraft:iron_shovel":2,"minecraft:iron_leggings":2,"minecraft:torch":100,"minecraft:trapped_chest":1,"minecraft:diamond_chestplate":3},"minecraft:used":{"minecraft:iron_shovel":443,"minecraft:ladder":23,"minecraft:oak_sign":38,"minecraft:chest":103,"minecraft:shield":62,"minecraft:iron_sword":121,"minecraft:rotten_flesh":25,"minecraft:iron_chestplate":1,"minecraft:obsidian":20,"minecraft:grass_block":1,"minecraft:iron_helmet":1,"minecraft:ominous_bottle":1,"minecraft:oak_sapling":10,"minecraft:furnace":45,"minecraft:egg":3,"minecraft:golden_boots":2,"minecraft:diorite":48,"minecraft:stone_pickaxe":131,"minecraft:oak_planks":223,"minecraft:wooden_pickaxe":14,"minecraft:redstone_block":4,"minecraft:diamond_axe":728,"minecraft:golden_apple":5,"minecraft:sand":11,"minecraft:bread":7,"minecraft:gravel":7,"minecraft:diamond_sword":625,"minecraft:andesite":18,"minecraft:oak_boat":6,"minecraft:bone_meal":19,"minecraft:oak_trapdoor":2,"minecraft:flint_and_steel":42,"minecraft:cooked_salmon":4,"minecraft:cooked_chicken":1,"minecraft:oak_door":1,"minecraft:torch":42,"minecraft:dirt":360,"minecraft:hopper":4,"minecraft:wooden_axe":25,"minecraft:iron_axe":199,"minecraft:iron_boots":2,"minecraft:barrel":2,"minecraft:diamond_chestplate":1,"minecraft:light_gray_wool":1,"minecraft:trapped_chest":2,"minecraft:cooked_beef":25,"minecraft:cobbled_deepslate":127,"minecraft:iron_leggings":1,"minecraft:cooked_mutton":1,"minecraft:water_bucket":55,"minecraft:birch_planks":5,"minecraft:birch_boat":1,"minecraft:cobblestone_slab":259,"minecraft:tnt":11,"minecraft:crafting_table":28,"minecraft:white_bed":7,"minecraft:diamond_pickaxe":5138,"minecraft:diamond_shovel":2237,"minecraft:iron_pickaxe":999,"minecraft:stone_axe":2,"minecraft:cobblestone":1264,"minecraft:white_banner":6,"minecraft:cooked_porkchop":16,"minecraft:bucket":56,"minecraft:yellow_bed":1},"minecraft:picked_up":{"minecraft:iron_chestplate":1,"minecraft:wheat":1,"minecraft:diamond_sword":2,"minecraft:lead":2,"minecraft:oak_stairs":10,"minecraft:potion":1,"minecraft:crimson_planks":4,"minecraft:string":68,"minecraft:raw_copper":298,"minecraft:cooked_salmon":8,"minecraft:iron_leggings":3,"minecraft:oak_sign":14,"minecraft:gold_nugget":28,"minecraft:cobbled_deepslate":1616,"minecraft:bucket":1,"minecraft:spruce_planks":1,"minecraft:cobblestone_slab":23,"minecraft:iron_pickaxe":2,"minecraft:furnace":11,"minecraft:iron_boots":1,"minecraft:golden_helmet":1,"minecraft:stick":91,"minecraft:oak_fence":1,"minecraft:torch":11,"minecraft:porkchop":38,"minecraft:cherry_log":17,"minecraft:diorite":316,"minecraft:stone_sword":2,"minecraft:rotten_flesh":64,"minecraft:obsidian":27,"minecraft:cobblestone":2843,"minecraft:birch_log":117,"minecraft:magma_block":8,"minecraft:feather":4,"minecraft:cherry_planks":12,"minecraft:water_bucket":3,"minecraft:andesite":133,"minecraft:brown_wool":2,"minecraft:golden_leggings":1,"minecraft:flint":22,"minecraft:tuff":33,"minecraft:lapis_lazuli":182,"minecraft:dirt":2336,"minecraft:bone":35,"minecraft:bow":8,"minecraft:wheat_seeds":116,"minecraft:raw_gold":27,"minecraft:oak_planks":29,"minecraft:cooked_porkchop":7,"minecraft:sand":304,"minecraft:ink_sac":3,"minecraft:grass_block":2,"minecraft:trapped_chest":1,"minecraft:barrel":2,"minecraft:diamond":178,"minecraft:crossbow":1,"minecraft:granite":96,"minecraft:bone_meal":9,"minecraft:emerald":22,"minecraft:bread":25,"minecraft:oak_sapling":83,"minecraft:netherrack":586,"minecraft:crimson_roots":1,"minecraft:diamond_pickaxe":5,"minecraft:crafting_table":21,"minecraft:azure_bluet":5,"minecraft:ominous_bottle":1,"minecraft:chicken":7,"minecraft:ladder":33,"minecraft:wooden_pickaxe":1,"minecraft:diamond_horse_armor":1,"minecraft:shield":2,"minecraft:cornflower":1,"minecraft:oak_trapdoor":3,"minecraft:flint_and_steel":4,"minecraft:iron_shovel":1,"minecraft:blackstone":13,"minecraft:beef":29,"minecraft:oak_boat":4,"minecraft:poppy":6,"minecraft:light_gray_wool":2,"minecraft:sugar_cane":16,"minecraft:chest":12,"minecraft:birch_sapling":4,"minecraft:phantom_membrane":2,"minecraft:egg":3,"minecraft:raw_iron":178,"minecraft:sandstone":16,"minecraft:oak_door":3,"minecraft:redstone":118,"minecraft:tnt":9,"minecraft:weeping_vines":3,"minecraft:arrow":36,"minecraft:diamond_chestplate":2,"minecraft:jungle_stairs":1,"minecraft:diamond_boots":2,"minecraft:hay_block":1,"minecraft:saddle":2,"minecraft:gold_ingot":45,"minecraft:mutton":21,"minecraft:white_wool":13,"minecraft:oxeye_daisy":11,"minecraft:crimson_stem":161,"minecraft:leather":49,"minecraft:birch_planks":15,"minecraft:oak_log":1120,"minecraft:ancient_debris":13,"minecraft:golden_boots":1,"minecraft:yellow_bed":1,"minecraft:nether_wart_block":1,"minecraft:gunpowder":11,"minecraft:white_banner":6,"minecraft:coast_armor_trim_smithing_template":2,"minecraft:apple":7,"minecraft:heart_of_the_sea":1,"minecraft:iron_ingot":8,"minecraft:oak_slab":1,"minecraft:warped_fungus":2,"minecraft:birch_boat":1,"minecraft:quartz":67,"minecraft:dandelion":31,"minecraft:gravel":167,"minecraft:white_bed":7,"minecraft:spider_eye":14,"minecraft:diamond_shovel":1,"minecraft:iron_helmet":1,"minecraft:diamond_axe":2,"minecraft:cherry_sapling":26,"minecraft:black_wool":1,"minecraft:coal":494,"minecraft:ender_pearl":3},"minecraft:dropped":{"minecraft:iron_sword":2,"minecraft:porkchop":8,"minecraft:diamond_axe":1,"minecraft:lapis_lazuli":8,"minecraft:warped_fungus":2,"minecraft:oak_log":67,"minecraft:diamond":4,"minecraft:dirt":29,"minecraft:cornflower":1,"minecraft:mutton":11,"minecraft:bone_meal":14,"minecraft:iron_pickaxe":2,"minecraft:birch_log":7,"minecraft:white_wool":4,"minecraft:bone":1,"minecraft:oak_door":2,"minecraft:gravel":121,"minecraft:stone_axe":1,"minecraft:sugar_cane":1,"minecraft:cobbled_deepslate":1032,"minecraft:wheat":1,"minecraft:birch_sapling":1,"minecraft:cherry_sapling":6,"minecraft:diamond_shovel":1,"minecraft:azure_bluet":4,"minecraft:white_bed":1,"minecraft:poppy":3,"minecraft:gunpowder":2,"minecraft:ladder":16,"minecraft:arrow":5,"minecraft:iron_ingot":5,"minecraft:golden_boots":2,"minecraft:bread":12,"minecraft:wheat_seeds":65,"minecraft:golden_helmet":1,"minecraft:feather":4,"minecraft:oak_fence":1,"minecraft:iron_helmet":1,"minecraft:cobblestone":340,"minecraft:apple":1,"minecraft:granite":59,"minecraft:grass_block":1,"minecraft:stick":12,"minecraft:oxeye_daisy":11,"minecraft:diorite":43,"minecraft:torch":46,"minecraft:wooden_axe":1,"minecraft:cooked_salmon":4,"minecraft:iron_leggings":3,"minecraft:iron_shovel":1,"minecraft:dandelion":16,"minecraft:oak_trapdoor":2,"minecraft:stone_sword":3,"minecraft:tuff":25,"minecraft:raw_iron":14,"minecraft:stone_shovel":1,"minecraft:chicken":6,"minecraft:iron_boots":1,"minecraft:stripped_oak_log":12,"minecraft:oak_sign":2,"minecraft:flint_and_steel":1,"minecraft:diamond_sword":2,"minecraft:shield":1,"minecraft:diamond_chestplate":3,"minecraft:diamond_pickaxe":6,"minecraft:iron_chestplate":1,"minecraft:andesite":27,"minecraft:golden_leggings":2,"minecraft:oak_sapling":26,"minecraft:spider_eye":3,"minecraft:diamond_boots":4,"minecraft:bow":1,"minecraft:wooden_pickaxe":2},"minecraft:custom":{"minecraft:interact_with_crafting_table":146,"minecraft:open_barrel":14,"minecraft:leave_game":7,"minecraft:time_since_death":224081,"minecraft:sprint_one_cm":1238520,"minecraft:damage_blocked_by_shield":1992,"minecraft:drop":198,"minecraft:talked_to_villager":4,"minecraft:play_time":545882,"minecraft:deaths":1,"minecraft:jump":8992,"minecraft:walk_on_water_one_cm":71106,"minecraft:interact_with_furnace":235,"minecraft:sleep_in_bed":12,"minecraft:damage_dealt":48319,"minecraft:player_kills":2,"minecraft:crouch_one_cm":304554,"minecraft:mob_kills":261,"minecraft:climb_one_cm":45927,"minecraft:walk_one_cm":1214579,"minecraft:sneak_time":72024,"minecraft:walk_under_water_one_cm":37668,"minecraft:boat_one_cm":246079,"minecraft:total_world_time":545882,"minecraft:raid_trigger":1,"minecraft:time_since_rest":19595,"minecraft:damage_taken":2697,"minecraft:damage_absorbed":62,"minecraft:swim_one_cm":238976,"minecraft:fly_one_cm":1651363,"minecraft:open_chest":512,"minecraft:fall_one_cm":206517},"minecraft:broken":{"minecraft:iron_shovel":1,"minecraft:stone_pickaxe":1,"minecraft:diamond_pickaxe":3,"minecraft:iron_pickaxe":4},"minecraft:mined":{"minecraft:spruce_planks":4,"minecraft:white_bed":4,"minecraft:oak_sapling":13,"minecraft:cherry_log":9,"minecraft:cobblestone_stairs":2,"minecraft:obsidian":19,"minecraft:granite":101,"minecraft:grass_block":1631,"minecraft:oak_wall_sign":2,"minecraft:oxeye_daisy":1,"minecraft:spawner":1,"minecraft:weeping_vines_plant":3,"minecraft:magma_block":8,"minecraft:barrel":3,"minecraft:iron_ore":87,"minecraft:fire":25,"minecraft:cobbled_deepslate":35,"minecraft:deepslate_lapis_ore":28,"minecraft:oak_sign":4,"minecraft:dirt_path":3,"minecraft:white_banner":1,"minecraft:deepslate_redstone_ore":22,"minecraft:blackstone":14,"minecraft:crimson_nylium":2,"minecraft:torch":4,"minecraft:jungle_stairs":1,"minecraft:chest":14,"minecraft:nether_quartz_ore":67,"minecraft:cobblestone":282,"minecraft:sugar_cane":8,"minecraft:oak_planks":36,"minecraft:wall_torch":1,"minecraft:deepslate_copper_ore":2,"minecraft:nether_wart_block":1,"minecraft:birch_log":60,"minecraft:tnt":4,"minecraft:oak_log":574,"minecraft:sand":250,"minecraft:dirt":663,"minecraft:ancient_debris":13,"minecraft:netherrack":612,"minecraft:oak_leaves":110,"minecraft:deepslate":1504,"minecraft:tuff":34,"minecraft:deepslate_diamond_ore":103,"minecraft:ladder":1,"minecraft:crimson_roots":1,"minecraft:crimson_stem":100,"minecraft:hay_block":1,"minecraft:furnace":11,"minecraft:andesite":125,"minecraft:deepslate_iron_ore":66,"minecraft:cobblestone_slab":19,"minecraft:stone":2524,"minecraft:oak_slab":1,"minecraft:dandelion":7,"minecraft:crafting_table":21,"minecraft:short_grass":283,"minecraft:tall_grass":45,"minecraft:copper_ore":57,"minecraft:lapis_ore":2,"minecraft:deepslate_gold_ore":22,"minecraft:diorite":267,"minecraft:trapped_chest":1,"minecraft:spruce_log":1,"minecraft:birch_leaves":6,"minecraft:yellow_bed":1,"minecraft:bee_nest":1,"minecraft:coal_ore":167,"minecraft:cherry_leaves":22,"minecraft:gravel":174},"minecraft:killed":{"minecraft:witch":1,"minecraft:spider":33,"minecraft:skeleton":39,"minecraft:bee":6,"minecraft:chicken":9,"minecraft:turtle":1,"minecraft:pig":20,"minecraft:iron_golem":1,"minecraft:creeper":20,"minecraft:sheep":13,"minecraft:trader_llama":1,"minecraft:pillager":15,"minecraft:zombie":57,"minecraft:cow":17,"minecraft:vindicator":2,"minecraft:phantom":4,"minecraft:horse":6,"minecraft:drowned":2,"minecraft:bat":2,"minecraft:wandering_trader":1,"minecraft:ravager":2,"minecraft:hoglin":1,"minecraft:squid":1,"minecraft:villager":1,"minecraft:enderman":3}},"DataVersion":3953}