{"stats":{"minecraft:used":{"minecraft:iron_shovel":443,"minecraft:flint_and_steel":25,"minecraft:oak_sign":1,"minecraft:chest":6,"minecraft:shield":12,"minecraft:iron_sword":121,"minecraft:rotten_flesh":12,"minecraft:iron_chestplate":1,"minecraft:oak_door":1,"minecraft:torch":17,"minecraft:dirt":176,"minecraft:obsidian":10,"minecraft:wooden_axe":25,"minecraft:iron_axe":199,"minecraft:iron_helmet":1,"minecraft:iron_boots":1,"minecraft:barrel":2,"minecraft:light_gray_wool":1,"minecraft:diamond_chestplate":1,"minecraft:furnace":11,"minecraft:trapped_chest":2,"minecraft:egg":1,"minecraft:cooked_beef":13,"minecraft:cobbled_deepslate":121,"minecraft:iron_leggings":1,"minecraft:golden_boots":1,"minecraft:birch_planks":5,"minecraft:stone_pickaxe":131,"minecraft:oak_planks":217,"minecraft:wooden_pickaxe":14,"minecraft:diamond_axe":529,"minecraft:sand":11,"minecraft:tnt":11,"minecraft:crafting_table":19,"minecraft:white_bed":4,"minecraft:diamond_pickaxe":1148,"minecraft:diamond_shovel":2095,"minecraft:iron_pickaxe":999,"minecraft:stone_axe":2,"minecraft:diamond_sword":181,"minecraft:cobblestone":68,"minecraft:cooked_porkchop":8,"minecraft:oak_boat":6},"minecraft:mined":{"minecraft:tuff":26,"minecraft:spruce_planks":4,"minecraft:white_bed":3,"minecraft:deepslate_diamond_ore":59,"minecraft:granite":101,"minecraft:grass_block":1578,"minecraft:oxeye_daisy":1,"minecraft:oak_wall_sign":1,"minecraft:crimson_stem":72,"minecraft:hay_block":1,"minecraft:weeping_vines_plant":2,"minecraft:furnace":8,"minecraft:cobbled_deepslate":34,"minecraft:barrel":3,"minecraft:iron_ore":74,"minecraft:fire":23,"minecraft:andesite":26,"minecraft:deepslate_lapis_ore":4,"minecraft:deepslate_iron_ore":23,"minecraft:dirt_path":3,"minecraft:stone":560,"minecraft:deepslate_redstone_ore":17,"minecraft:dandelion":7,"minecraft:crafting_table":12,"minecraft:jungle_stairs":1,"minecraft:short_grass":246,"minecraft:chest":3,"minecraft:cobblestone":18,"minecraft:copper_ore":1,"minecraft:nether_quartz_ore":4,"minecraft:tall_grass":44,"minecraft:deepslate_gold_ore":10,"minecraft:sugar_cane":6,"minecraft:oak_planks":30,"minecraft:diorite":19,"minecraft:wall_torch":1,"minecraft:trapped_chest":1,"minecraft:birch_log":60,"minecraft:spruce_log":1,"minecraft:birch_leaves":4,"minecraft:tnt":4,"minecraft:bee_nest":1,"minecraft:coal_ore":97,"minecraft:oak_log":463,"minecraft:cherry_leaves":18,"minecraft:gravel":146,"minecraft:sand":248,"minecraft:dirt":566,"minecraft:netherrack":1,"minecraft:oak_leaves":92,"minecraft:deepslate":1172},"minecraft:killed":{"minecraft:spider":1,"minecraft:phantom":4,"minecraft:skeleton":14,"minecraft:horse":6,"minecraft:bee":6,"minecraft:chicken":7,"minecraft:drowned":1,"minecraft:turtle":1,"minecraft:pig":14,"minecraft:iron_golem":1,"minecraft:bat":1,"minecraft:creeper":8,"minecraft:sheep":12,"minecraft:zombie":19,"minecraft:enderman":1,"minecraft:cow":17},"minecraft:dropped":{"minecraft:iron_ingot":5,"minecraft:iron_sword":1,"minecraft:wheat_seeds":58,"minecraft:lapis_lazuli":8,"minecraft:oak_log":67,"minecraft:oak_fence":1,"minecraft:feather":4,"minecraft:cobblestone":340,"minecraft:apple":1,"minecraft:granite":59,"minecraft:stick":9,"minecraft:oxeye_daisy":11,"minecraft:dirt":11,"minecraft:diorite":43,"minecraft:cornflower":1,"minecraft:wooden_axe":1,"minecraft:cooked_salmon":4,"minecraft:iron_shovel":1,"minecraft:birch_log":7,"minecraft:white_wool":4,"minecraft:oak_door":2,"minecraft:bone":1,"minecraft:dandelion":16,"minecraft:gravel":121,"minecraft:stone_axe":1,"minecraft:sugar_cane":1,"minecraft:stone_sword":1,"minecraft:cobbled_deepslate":1032,"minecraft:tuff":25,"minecraft:stone_shovel":1,"minecraft:raw_iron":14,"minecraft:chicken":6,"minecraft:diamond_shovel":1,"minecraft:stripped_oak_log":12,"minecraft:azure_bluet":4,"minecraft:white_bed":1,"minecraft:oak_sign":1,"minecraft:flint_and_steel":1,"minecraft:poppy":3,"minecraft:gunpowder":1,"minecraft:diamond_pickaxe":1,"minecraft:andesite":27,"minecraft:golden_leggings":2,"minecraft:oak_sapling":13,"minecraft:arrow":2,"minecraft:bow":1,"minecraft:wooden_pickaxe":2},"minecraft:crafted":{"minecraft:oak_door":3,"minecraft:oak_planks":384,"minecraft:stone_shovel":1,"minecraft:oak_sign":6,"minecraft:tripwire_hook":2,"minecraft:furnace":3,"minecraft:diamond_shovel":2,"minecraft:flint_and_steel":1,"minecraft:iron_boots":2,"minecraft:iron_axe":1,"minecraft:stone_pickaxe":1,"minecraft:chest":7,"minecraft:golden_boots":1,"minecraft:wheat":9,"minecraft:cooked_beef":25,"minecraft:crimson_planks":20,"minecraft:diamond_sword":1,"minecraft:cooked_porkchop":8,"minecraft:diamond_axe":1,"minecraft:crafting_table":7,"minecraft:wooden_pickaxe":1,"minecraft:iron_helmet":1,"minecraft:iron_sword":1,"minecraft:birch_planks":40,"minecraft:stone_axe":1,"minecraft:bread":3,"minecraft:air":0,"minecraft:oak_boat":2,"minecraft:iron_chestplate":1,"minecraft:charcoal":1,"minecraft:diamond_pickaxe":2,"minecraft:shield":1,"minecraft:stick":80,"minecraft:iron_ingot":75,"minecraft:iron_pickaxe":4,"minecraft:wooden_axe":1,"minecraft:stone_sword":1,"minecraft:iron_leggings":1,"minecraft:iron_shovel":2,"minecraft:gold_ingot":12,"minecraft:torch":36,"minecraft:trapped_chest":1,"minecraft:diamond_chestplate":1},"minecraft:picked_up":{"minecraft:crafting_table":12,"minecraft:azure_bluet":5,"minecraft:chicken":6,"minecraft:wooden_pickaxe":1,"minecraft:potion":1,"minecraft:cornflower":1,"minecraft:raw_copper":3,"minecraft:cooked_salmon":8,"minecraft:flint_and_steel":2,"minecraft:iron_shovel":1,"minecraft:oak_sign":2,"minecraft:cobbled_deepslate":1179,"minecraft:spruce_planks":1,"minecraft:beef":29,"minecraft:oak_boat":4,"minecraft:poppy":6,"minecraft:light_gray_wool":2,"minecraft:sugar_cane":8,"minecraft:chest":1,"minecraft:egg":1,"minecraft:phantom_membrane":2,"minecraft:furnace":8,"minecraft:stick":11,"minecraft:raw_iron":121,"minecraft:oak_door":3,"minecraft:oak_fence":1,"minecraft:torch":3,"minecraft:porkchop":24,"minecraft:diorite":43,"minecraft:redstone":80,"minecraft:tnt":9,"minecraft:rotten_flesh":16,"minecraft:weeping_vines":1,"minecraft:arrow":6,"minecraft:jungle_stairs":1,"minecraft:hay_block":1,"minecraft:gold_ingot":9,"minecraft:obsidian":10,"minecraft:mutton":19,"minecraft:cobblestone":569,"minecraft:white_wool":9,"minecraft:oxeye_daisy":11,"minecraft:birch_log":67,"minecraft:feather":4,"minecraft:crimson_stem":69,"minecraft:andesite":30,"minecraft:leather":25,"minecraft:golden_leggings":1,"minecraft:flint":20,"minecraft:tuff":25,"minecraft:oak_log":507,"minecraft:gunpowder":1,"minecraft:lapis_lazuli":8,"minecraft:dirt":1943,"minecraft:bone":8,"minecraft:apple":1,"minecraft:bow":3,"minecraft:wheat_seeds":100,"minecraft:raw_gold":10,"minecraft:heart_of_the_sea":1,"minecraft:iron_ingot":8,"minecraft:oak_planks":24,"minecraft:quartz":4,"minecraft:dandelion":31,"minecraft:gravel":142,"minecraft:sand":234,"minecraft:white_bed":6,"minecraft:trapped_chest":1,"minecraft:barrel":2,"minecraft:diamond":59,"minecraft:granite":96,"minecraft:cherry_sapling":4,"minecraft:bread":6,"minecraft:emerald":8,"minecraft:oak_sapling":14,"minecraft:coal":312,"minecraft:ender_pearl":1},"minecraft:broken":{"minecraft:iron_shovel":1,"minecraft:stone_pickaxe":1,"minecraft:iron_pickaxe":4},"minecraft:custom":{"minecraft:mob_kills":113,"minecraft:interact_with_crafting_table":65,"minecraft:open_barrel":13,"minecraft:leave_game":2,"minecraft:time_since_death":223554,"minecraft:climb_one_cm":632,"minecraft:sprint_one_cm":422318,"minecraft:walk_one_cm":553204,"minecraft:damage_blocked_by_shield":345,"minecraft:drop":116,"minecraft:talked_to_villager":3,"minecraft:play_time":223554,"minecraft:sneak_time":25424,"minecraft:walk_under_water_one_cm":7240,"minecraft:boat_one_cm":236547,"minecraft:jump":3630,"minecraft:walk_on_water_one_cm":20715,"minecraft:total_world_time":223554,"minecraft:interact_with_furnace":90,"minecraft:sleep_in_bed":6,"minecraft:time_since_rest":7,"minecraft:damage_taken":1024,"minecraft:damage_dealt":18153,"minecraft:swim_one_cm":61828,"minecraft:fly_one_cm":659450,"minecraft:open_chest":79,"minecraft:crouch_one_cm":137953,"minecraft:fall_one_cm":92925}},"DataVersion":3953}