{"stats":{"minecraft:custom":{"minecraft:mob_kills":50,"minecraft:interact_with_crafting_table":38,"minecraft:open_barrel":8,"minecraft:leave_game":1,"minecraft:time_since_death":136054,"minecraft:sprint_one_cm":153428,"minecraft:walk_one_cm":363581,"minecraft:damage_blocked_by_shield":115,"minecraft:drop":99,"minecraft:talked_to_villager":3,"minecraft:play_time":136054,"minecraft:sneak_time":8408,"minecraft:walk_under_water_one_cm":3666,"minecraft:boat_one_cm":236547,"minecraft:jump":1555,"minecraft:walk_on_water_one_cm":11327,"minecraft:total_world_time":136054,"minecraft:interact_with_furnace":64,"minecraft:sleep_in_bed":1,"minecraft:time_since_rest":79362,"minecraft:damage_taken":570,"minecraft:damage_dealt":7550,"minecraft:swim_one_cm":13712,"minecraft:fly_one_cm":220670,"minecraft:open_chest":12,"minecraft:crouch_one_cm":38104,"minecraft:fall_one_cm":35658},"minecraft:mined":{"minecraft:tuff":26,"minecraft:spruce_planks":1,"minecraft:white_bed":1,"minecraft:deepslate_diamond_ore":59,"minecraft:granite":67,"minecraft:grass_block":242,"minecraft:oxeye_daisy":1,"minecraft:crimson_stem":53,"minecraft:weeping_vines_plant":1,"minecraft:hay_block":1,"minecraft:furnace":7,"minecraft:cobbled_deepslate":34,"minecraft:fire":13,"minecraft:iron_ore":74,"minecraft:barrel":2,"minecraft:andesite":26,"minecraft:deepslate_lapis_ore":4,"minecraft:deepslate_iron_ore":23,"minecraft:dirt_path":1,"minecraft:stone":462,"minecraft:deepslate_redstone_ore":17,"minecraft:dandelion":4,"minecraft:crafting_table":12,"minecraft:jungle_stairs":1,"minecraft:short_grass":122,"minecraft:nether_quartz_ore":4,"minecraft:cobblestone":18,"minecraft:tall_grass":27,"minecraft:copper_ore":1,"minecraft:deepslate_gold_ore":10,"minecraft:oak_planks":2,"minecraft:sugar_cane":5,"minecraft:diorite":19,"minecraft:wall_torch":1,"minecraft:birch_log":7,"minecraft:coal_ore":77,"minecraft:oak_log":126,"minecraft:gravel":146,"minecraft:dirt":62,"minecraft:netherrack":1,"minecraft:oak_leaves":6,"minecraft:deepslate":1172},"minecraft:killed":{"minecraft:horse":3,"minecraft:skeleton":4,"minecraft:chicken":5,"minecraft:drowned":1,"minecraft:pig":8,"minecraft:iron_golem":1,"minecraft:bat":1,"minecraft:creeper":5,"minecraft:sheep":5,"minecraft:zombie":7,"minecraft:cow":10},"minecraft:crafted":{"minecraft:oak_door":3,"minecraft:oak_planks":308,"minecraft:stone_shovel":1,"minecraft:furnace":3,"minecraft:flint_and_steel":1,"minecraft:iron_boots":1,"minecraft:iron_axe":1,"minecraft:stone_pickaxe":1,"minecraft:chest":2,"minecraft:golden_boots":1,"minecraft:wheat":9,"minecraft:diamond_sword":1,"minecraft:cooked_porkchop":8,"minecraft:crafting_table":6,"minecraft:wooden_pickaxe":1,"minecraft:iron_helmet":1,"minecraft:iron_sword":1,"minecraft:birch_planks":28,"minecraft:stone_axe":1,"minecraft:bread":3,"minecraft:air":0,"minecraft:oak_boat":2,"minecraft:iron_chestplate":1,"minecraft:diamond_pickaxe":2,"minecraft:charcoal":1,"minecraft:shield":1,"minecraft:stick":68,"minecraft:iron_ingot":39,"minecraft:iron_pickaxe":4,"minecraft:wooden_axe":1,"minecraft:stone_sword":1,"minecraft:gold_ingot":2,"minecraft:iron_shovel":2,"minecraft:iron_leggings":1,"minecraft:torch":36,"minecraft:diamond_chestplate":1},"minecraft:broken":{"minecraft:iron_shovel":1,"minecraft:stone_pickaxe":1,"minecraft:iron_pickaxe":4},"minecraft:picked_up":{"minecraft:crafting_table":12,"minecraft:azure_bluet":4,"minecraft:chicken":6,"minecraft:wooden_pickaxe":1,"minecraft:cornflower":1,"minecraft:raw_copper":3,"minecraft:flint_and_steel":2,"minecraft:iron_shovel":1,"minecraft:cobbled_deepslate":1179,"minecraft:spruce_planks":1,"minecraft:beef":19,"minecraft:oak_boat":4,"minecraft:poppy":3,"minecraft:light_gray_wool":2,"minecraft:sugar_cane":6,"minecraft:egg":1,"minecraft:furnace":7,"minecraft:raw_iron":121,"minecraft:stick":2,"minecraft:oak_door":3,"minecraft:oak_fence":1,"minecraft:torch":3,"minecraft:porkchop":20,"minecraft:diorite":43,"minecraft:redstone":80,"minecraft:weeping_vines":1,"minecraft:rotten_flesh":9,"minecraft:arrow":2,"minecraft:jungle_stairs":1,"minecraft:hay_block":1,"minecraft:obsidian":10,"minecraft:mutton":8,"minecraft:cobblestone":523,"minecraft:white_wool":4,"minecraft:oxeye_daisy":9,"minecraft:birch_log":14,"minecraft:feather":4,"minecraft:crimson_stem":50,"minecraft:andesite":30,"minecraft:leather":16,"minecraft:golden_leggings":1,"minecraft:flint":20,"minecraft:tuff":25,"minecraft:oak_log":120,"minecraft:gunpowder":1,"minecraft:lapis_lazuli":8,"minecraft:dirt":304,"minecraft:bone":1,"minecraft:bow":1,"minecraft:wheat_seeds":56,"minecraft:raw_gold":10,"minecraft:iron_ingot":4,"minecraft:oak_planks":2,"minecraft:quartz":4,"minecraft:dandelion":17,"minecraft:gravel":142,"minecraft:white_bed":1,"minecraft:barrel":2,"minecraft:diamond":59,"minecraft:granite":96,"minecraft:bread":6,"minecraft:coal":292},"minecraft:used":{"minecraft:iron_shovel":440,"minecraft:flint_and_steel":14,"minecraft:shield":4,"minecraft:chest":2,"minecraft:iron_sword":121,"minecraft:rotten_flesh":9,"minecraft:iron_chestplate":1,"minecraft:oak_door":1,"minecraft:torch":17,"minecraft:dirt":51,"minecraft:obsidian":10,"minecraft:wooden_axe":25,"minecraft:iron_axe":178,"minecraft:iron_helmet":1,"minecraft:iron_boots":1,"minecraft:barrel":2,"minecraft:diamond_chestplate":1,"minecraft:light_gray_wool":1,"minecraft:furnace":9,"minecraft:egg":1,"minecraft:cobbled_deepslate":121,"minecraft:golden_boots":1,"minecraft:iron_leggings":1,"minecraft:birch_planks":5,"minecraft:stone_pickaxe":131,"minecraft:oak_planks":178,"minecraft:wooden_pickaxe":14,"minecraft:crafting_table":18,"minecraft:diamond_pickaxe":980,"minecraft:iron_pickaxe":999,"minecraft:stone_axe":2,"minecraft:diamond_sword":11,"minecraft:cobblestone":63,"minecraft:cooked_porkchop":8,"minecraft:oak_boat":6},"minecraft:dropped":{"minecraft:iron_ingot":4,"minecraft:iron_sword":1,"minecraft:wheat_seeds":56,"minecraft:oak_log":9,"minecraft:oak_fence":1,"minecraft:feather":4,"minecraft:cobblestone":340,"minecraft:granite":59,"minecraft:oxeye_daisy":9,"minecraft:dirt":5,"minecraft:diorite":43,"minecraft:cornflower":1,"minecraft:wooden_axe":1,"minecraft:iron_shovel":1,"minecraft:birch_log":7,"minecraft:bone":1,"minecraft:dandelion":16,"minecraft:oak_door":2,"minecraft:gravel":121,"minecraft:stone_axe":1,"minecraft:cobbled_deepslate":1032,"minecraft:stone_sword":1,"minecraft:tuff":25,"minecraft:raw_iron":14,"minecraft:stone_shovel":1,"minecraft:stripped_oak_log":12,"minecraft:azure_bluet":4,"minecraft:flint_and_steel":1,"minecraft:poppy":3,"minecraft:gunpowder":1,"minecraft:diamond_pickaxe":1,"minecraft:andesite":27,"minecraft:golden_leggings":2,"minecraft:arrow":2,"minecraft:bow":1,"minecraft:wooden_pickaxe":2}},"DataVersion":3953}