{"stats":{"minecraft:custom":{"minecraft:time_since_rest":22054,"minecraft:sprint_one_cm":14640,"minecraft:interact_with_furnace":14,"minecraft:walk_one_cm":43844,"minecraft:drop":9,"minecraft:interact_with_crafting_table":11,"minecraft:fly_one_cm":10986,"minecraft:crouch_one_cm":4935,"minecraft:play_time":22054,"minecraft:sneak_time":1063,"minecraft:walk_under_water_one_cm":437,"minecraft:jump":178,"minecraft:leave_game":1,"minecraft:time_since_death":22054,"minecraft:walk_on_water_one_cm":3189,"minecraft:total_world_time":22054,"minecraft:fall_one_cm":1258},"minecraft:mined":{"minecraft:furnace":2,"minecraft:iron_ore":37,"minecraft:andesite":9,"minecraft:dandelion":1,"minecraft:crafting_table":4,"minecraft:granite":30,"minecraft:short_grass":26,"minecraft:coal_ore":65,"minecraft:grass_block":58,"minecraft:oak_log":39,"minecraft:dirt":14,"minecraft:tall_grass":25,"minecraft:cobblestone":1,"minecraft:stone":145,"minecraft:sugar_cane":5,"minecraft:diorite":9},"minecraft:crafted":{"minecraft:oak_planks":144,"minecraft:stone_shovel":1,"minecraft:charcoal":1,"minecraft:shield":1,"minecraft:iron_axe":1,"minecraft:crafting_table":1,"minecraft:stick":48,"minecraft:iron_pickaxe":1,"minecraft:wooden_pickaxe":1,"minecraft:iron_ingot":21,"minecraft:stone_pickaxe":1,"minecraft:wooden_axe":1,"minecraft:stone_sword":1,"minecraft:iron_sword":1,"minecraft:iron_shovel":1,"minecraft:furnace":1,"minecraft:stone_axe":1,"minecraft:air":0},"minecraft:picked_up":{"minecraft:crafting_table":4,"minecraft:raw_iron":42,"minecraft:azure_bluet":1,"minecraft:andesite":9,"minecraft:dandelion":1,"minecraft:wooden_pickaxe":1,"minecraft:oak_log":39,"minecraft:diorite":9,"minecraft:dirt":71,"minecraft:wheat_seeds":5,"minecraft:granite":27,"minecraft:sugar_cane":6,"minecraft:coal":103,"minecraft:oxeye_daisy":1,"minecraft:cobblestone":146,"minecraft:furnace":2},"minecraft:broken":{"minecraft:stone_pickaxe":1},"minecraft:dropped":{"minecraft:stone_axe":1,"minecraft:diorite":7,"minecraft:stone_sword":1,"minecraft:andesite":8,"minecraft:wooden_axe":1,"minecraft:stone_shovel":1,"minecraft:granite":11,"minecraft:wooden_pickaxe":2},"minecraft:used":{"minecraft:wooden_axe":25,"minecraft:iron_shovel":59,"minecraft:iron_axe":7,"minecraft:oak_planks":50,"minecraft:stone_pickaxe":131,"minecraft:iron_pickaxe":163,"minecraft:wooden_pickaxe":14,"minecraft:stone_axe":2,"minecraft:cobblestone":40,"minecraft:crafting_table":4,"minecraft:furnace":2}},"DataVersion":3953}