{"stats":{"minecraft:broken":{"minecraft:wooden_pickaxe":1,"minecraft:stone_pickaxe":2,"minecraft:stone_axe":1,"minecraft:iron_pickaxe":1},"minecraft:crafted":{"minecraft:wooden_sword":1,"minecraft:oak_planks":336,"minecraft:oak_sign":3,"minecraft:cooked_chicken":4,"minecraft:furnace":2,"minecraft:diamond_shovel":1,"minecraft:cooked_mutton":8,"minecraft:stone_pickaxe":2,"minecraft:chest":4,"minecraft:oak_button":2,"minecraft:golden_helmet":1,"minecraft:golden_boots":1,"minecraft:cooked_beef":4,"minecraft:wooden_shovel":1,"minecraft:diamond_sword":1,"minecraft:cooked_porkchop":3,"minecraft:diamond_axe":1,"minecraft:crafting_table":3,"minecraft:wooden_pickaxe":1,"minecraft:oak_wood":3,"minecraft:stone_axe":1,"minecraft:iron_chestplate":1,"minecraft:golden_apple":1,"minecraft:diamond_pickaxe":1,"minecraft:stick":160,"minecraft:iron_ingot":15,"minecraft:iron_pickaxe":1,"minecraft:wooden_axe":1,"minecraft:iron_leggings":1,"minecraft:gold_ingot":26},"minecraft:killed_by":{"minecraft:zombie":1},"minecraft:killed":{"minecraft:spider":4,"minecraft:horse":1,"minecraft:skeleton":2,"minecraft:chicken":9,"minecraft:wolf":3,"minecraft:pig":1,"minecraft:creeper":1,"minecraft:sheep":7,"minecraft:trader_llama":1,"minecraft:zombie":7,"minecraft:cow":3},"minecraft:mined":{"minecraft:tuff":70,"minecraft:white_bed":1,"minecraft:deepslate_diamond_ore":16,"minecraft:oak_door":1,"minecraft:obsidian":3,"minecraft:granite":30,"minecraft:grass_block":101,"minecraft:oak_wall_sign":5,"minecraft:cobbled_deepslate":5,"minecraft:andesite":61,"minecraft:deepslate_lapis_ore":9,"minecraft:dirt_path":1,"minecraft:deepslate_iron_ore":9,"minecraft:oak_stairs":23,"minecraft:stripped_oak_log":15,"minecraft:stone":716,"minecraft:white_wool":1,"minecraft:deepslate_redstone_ore":24,"minecraft:dandelion":2,"minecraft:crafting_table":4,"minecraft:torch":4,"minecraft:short_grass":115,"minecraft:copper_ore":5,"minecraft:tall_grass":7,"minecraft:cobblestone":18,"minecraft:deepslate_gold_ore":29,"minecraft:oak_planks":26,"minecraft:sugar_cane":4,"minecraft:diorite":15,"minecraft:wall_torch":40,"minecraft:birch_leaves":6,"minecraft:oak_log":150,"minecraft:coal_ore":69,"minecraft:dirt":64,"minecraft:gravel":1,"minecraft:sand":7,"minecraft:oak_leaves":60,"minecraft:deepslate":810},"minecraft:used":{"minecraft:stone_sword":46,"minecraft:oak_sign":1,"minecraft:chest":4,"minecraft:wooden_shovel":40,"minecraft:cooked_chicken":4,"minecraft:rotten_flesh":15,"minecraft:torch":44,"minecraft:dirt":104,"minecraft:wooden_axe":30,"minecraft:bow":5,"minecraft:beef":1,"minecraft:furnace":2,"minecraft:cooked_beef":5,"minecraft:cobbled_deepslate":70,"minecraft:cooked_mutton":9,"minecraft:water_bucket":3,"minecraft:stone_pickaxe":303,"minecraft:oak_planks":18,"minecraft:wooden_pickaxe":51,"minecraft:diamond_axe":76,"minecraft:white_wool":2,"minecraft:golden_apple":1,"minecraft:crafting_table":6,"minecraft:white_bed":1,"minecraft:oak_log":2,"minecraft:diamond_pickaxe":1344,"minecraft:diamond_shovel":104,"minecraft:chicken":5,"minecraft:bread":4,"minecraft:iron_pickaxe":248,"minecraft:stone_axe":127,"minecraft:diamond_sword":144,"minecraft:wooden_sword":31,"minecraft:cobblestone":90,"minecraft:cooked_porkchop":3,"minecraft:bucket":2},"minecraft:dropped":{"minecraft:bread":1,"minecraft:wheat_seeds":2,"minecraft:cobblestone":65,"minecraft:dirt":47,"minecraft:wooden_axe":1,"minecraft:wooden_sword":1,"minecraft:dandelion":2,"minecraft:stone_axe":1,"minecraft:cobbled_deepslate":346,"minecraft:tuff":36,"minecraft:obsidian":1,"minecraft:rotten_flesh":3,"minecraft:oak_planks":1,"minecraft:diamond_shovel":1,"minecraft:oak_sign":2,"minecraft:diamond_sword":2,"minecraft:oak_sapling":3,"minecraft:bow":1,"minecraft:wooden_pickaxe":1},"minecraft:picked_up":{"minecraft:wooden_axe":1,"minecraft:crafting_table":6,"minecraft:chicken":9,"minecraft:wooden_pickaxe":3,"minecraft:diamond_sword":3,"minecraft:oak_stairs":20,"minecraft:string":4,"minecraft:raw_copper":16,"minecraft:wooden_sword":1,"minecraft:iron_leggings":1,"minecraft:oak_sign":8,"minecraft:cobbled_deepslate":940,"minecraft:beef":5,"minecraft:wooden_shovel":1,"minecraft:golden_helmet":1,"minecraft:stick":9,"minecraft:raw_iron":15,"minecraft:birch_trapdoor":1,"minecraft:oak_fence":1,"minecraft:torch":50,"minecraft:porkchop":3,"minecraft:diorite":15,"minecraft:redstone":79,"minecraft:diamond_chestplate":2,"minecraft:rotten_flesh":18,"minecraft:arrow":5,"minecraft:stone_sword":4,"minecraft:stone_shovel":1,"minecraft:diamond_boots":2,"minecraft:obsidian":1,"minecraft:mutton":11,"minecraft:white_wool":6,"minecraft:cobblestone":734,"minecraft:oxeye_daisy":2,"minecraft:stripped_oak_log":15,"minecraft:feather":15,"minecraft:cooked_beef":1,"minecraft:andesite":45,"minecraft:leather":6,"minecraft:birch_planks":27,"minecraft:tuff":92,"minecraft:oak_log":139,"minecraft:golden_boots":1,"minecraft:gunpowder":2,"minecraft:lapis_lazuli":67,"minecraft:dirt":235,"minecraft:cooked_mutton":1,"minecraft:bone":2,"minecraft:apple":1,"minecraft:bow":2,"minecraft:wheat_seeds":19,"minecraft:raw_gold":29,"minecraft:iron_ingot":4,"minecraft:stone_pickaxe":2,"minecraft:oak_planks":42,"minecraft:dandelion":3,"minecraft:sand":7,"minecraft:white_bed":2,"minecraft:diamond_shovel":1,"minecraft:diamond":21,"minecraft:stone_axe":2,"minecraft:diamond_axe":1,"minecraft:granite":44,"minecraft:gray_wool":1,"minecraft:bread":5,"minecraft:oak_sapling":15,"minecraft:coal":68,"minecraft:diamond_pickaxe":1},"minecraft:custom":{"minecraft:mob_kills":39,"minecraft:interact_with_crafting_table":74,"minecraft:open_barrel":4,"minecraft:leave_game":3,"minecraft:time_since_death":6893,"minecraft:climb_one_cm":10536,"minecraft:sprint_one_cm":703822,"minecraft:walk_one_cm":1280091,"minecraft:drop":40,"minecraft:talked_to_villager":1,"minecraft:play_time":362107,"minecraft:deaths":3,"minecraft:sneak_time":1740,"minecraft:walk_under_water_one_cm":5706,"minecraft:boat_one_cm":122221,"minecraft:jump":2352,"minecraft:walk_on_water_one_cm":18750,"minecraft:total_world_time":362107,"minecraft:interact_with_furnace":49,"minecraft:sleep_in_bed":4,"minecraft:time_since_rest":662,"minecraft:damage_taken":2290,"minecraft:damage_dealt":5250,"minecraft:swim_one_cm":69982,"minecraft:player_kills":1,"minecraft:fly_one_cm":112168,"minecraft:open_chest":118,"minecraft:crouch_one_cm":7490,"minecraft:fall_one_cm":31394}},"DataVersion":3953}