{"stats":{"minecraft:custom":{"minecraft:mob_kills":17,"minecraft:interact_with_crafting_table":69,"minecraft:open_barrel":4,"minecraft:leave_game":2,"minecraft:time_since_death":176405,"minecraft:sprint_one_cm":395147,"minecraft:walk_one_cm":763356,"minecraft:drop":37,"minecraft:play_time":208851,"minecraft:deaths":2,"minecraft:sneak_time":312,"minecraft:walk_under_water_one_cm":3846,"minecraft:boat_one_cm":122221,"minecraft:jump":1399,"minecraft:walk_on_water_one_cm":10046,"minecraft:total_world_time":208851,"minecraft:interact_with_furnace":41,"minecraft:sleep_in_bed":3,"minecraft:time_since_rest":56834,"minecraft:damage_taken":1312,"minecraft:damage_dealt":2612,"minecraft:swim_one_cm":21142,"minecraft:player_kills":1,"minecraft:fly_one_cm":62719,"minecraft:open_chest":28,"minecraft:crouch_one_cm":705,"minecraft:fall_one_cm":15198},"minecraft:mined":{"minecraft:tuff":65,"minecraft:white_bed":1,"minecraft:deepslate_diamond_ore":12,"minecraft:oak_door":1,"minecraft:grass_block":84,"minecraft:oak_wall_sign":3,"minecraft:cobbled_deepslate":4,"minecraft:andesite":4,"minecraft:deepslate_lapis_ore":9,"minecraft:dirt_path":1,"minecraft:deepslate_iron_ore":8,"minecraft:oak_stairs":23,"minecraft:stripped_oak_log":15,"minecraft:stone":203,"minecraft:white_wool":1,"minecraft:deepslate_redstone_ore":24,"minecraft:dandelion":2,"minecraft:crafting_table":3,"minecraft:torch":4,"minecraft:short_grass":97,"minecraft:cobblestone":14,"minecraft:deepslate_gold_ore":22,"minecraft:oak_planks":8,"minecraft:sugar_cane":4,"minecraft:diorite":5,"minecraft:wall_torch":38,"minecraft:coal_ore":11,"minecraft:oak_log":101,"minecraft:dirt":26,"minecraft:gravel":1,"minecraft:sand":4,"minecraft:oak_leaves":23,"minecraft:deepslate":764},"minecraft:killed_by":{"minecraft:zombie":1},"minecraft:killed":{"minecraft:spider":1,"minecraft:horse":1,"minecraft:skeleton":1,"minecraft:chicken":3,"minecraft:pig":1,"minecraft:sheep":7,"minecraft:zombie":2,"minecraft:cow":1},"minecraft:crafted":{"minecraft:wooden_sword":1,"minecraft:oak_planks":336,"minecraft:oak_sign":3,"minecraft:cooked_chicken":3,"minecraft:furnace":2,"minecraft:diamond_shovel":1,"minecraft:cooked_mutton":8,"minecraft:stone_pickaxe":2,"minecraft:chest":4,"minecraft:oak_button":2,"minecraft:golden_helmet":1,"minecraft:golden_boots":1,"minecraft:cooked_beef":1,"minecraft:wooden_shovel":1,"minecraft:diamond_sword":1,"minecraft:cooked_porkchop":3,"minecraft:crafting_table":3,"minecraft:wooden_pickaxe":1,"minecraft:oak_wood":3,"minecraft:stone_axe":1,"minecraft:iron_chestplate":1,"minecraft:golden_apple":1,"minecraft:diamond_pickaxe":1,"minecraft:stick":160,"minecraft:iron_ingot":15,"minecraft:iron_pickaxe":1,"minecraft:wooden_axe":1,"minecraft:gold_ingot":26,"minecraft:iron_leggings":1},"minecraft:broken":{"minecraft:wooden_pickaxe":1,"minecraft:stone_pickaxe":2,"minecraft:stone_axe":1,"minecraft:iron_pickaxe":1},"minecraft:picked_up":{"minecraft:wooden_axe":1,"minecraft:crafting_table":5,"minecraft:chicken":3,"minecraft:wooden_pickaxe":3,"minecraft:diamond_sword":1,"minecraft:oak_stairs":20,"minecraft:string":1,"minecraft:wooden_sword":1,"minecraft:oak_sign":6,"minecraft:cobbled_deepslate":895,"minecraft:beef":1,"minecraft:wooden_shovel":1,"minecraft:raw_iron":14,"minecraft:stick":3,"minecraft:birch_trapdoor":1,"minecraft:oak_fence":1,"minecraft:torch":47,"minecraft:porkchop":3,"minecraft:diorite":5,"minecraft:redstone":79,"minecraft:stone_shovel":1,"minecraft:stone_sword":4,"minecraft:arrow":5,"minecraft:rotten_flesh":8,"minecraft:mutton":11,"minecraft:white_wool":6,"minecraft:cobblestone":305,"minecraft:oxeye_daisy":2,"minecraft:stripped_oak_log":15,"minecraft:feather":9,"minecraft:cooked_beef":1,"minecraft:andesite":11,"minecraft:leather":3,"minecraft:birch_planks":27,"minecraft:tuff":87,"minecraft:oak_log":92,"minecraft:gunpowder":2,"minecraft:lapis_lazuli":67,"minecraft:dirt":169,"minecraft:cooked_mutton":1,"minecraft:apple":1,"minecraft:bow":2,"minecraft:wheat_seeds":16,"minecraft:raw_gold":22,"minecraft:iron_ingot":4,"minecraft:stone_pickaxe":2,"minecraft:oak_planks":24,"minecraft:dandelion":3,"minecraft:sand":4,"minecraft:white_bed":2,"minecraft:diamond":13,"minecraft:stone_axe":2,"minecraft:granite":14,"minecraft:gray_wool":1,"minecraft:bread":5,"minecraft:oak_sapling":10,"minecraft:coal":11},"minecraft:used":{"minecraft:stone_sword":46,"minecraft:oak_sign":1,"minecraft:chest":4,"minecraft:wooden_shovel":40,"minecraft:cooked_chicken":3,"minecraft:rotten_flesh":3,"minecraft:torch":29,"minecraft:dirt":24,"minecraft:wooden_axe":30,"minecraft:bow":5,"minecraft:furnace":2,"minecraft:cooked_beef":2,"minecraft:cobbled_deepslate":70,"minecraft:cooked_mutton":5,"minecraft:stone_pickaxe":303,"minecraft:wooden_pickaxe":51,"minecraft:white_wool":2,"minecraft:golden_apple":1,"minecraft:crafting_table":6,"minecraft:white_bed":1,"minecraft:diamond_pickaxe":595,"minecraft:diamond_shovel":39,"minecraft:bread":4,"minecraft:iron_pickaxe":248,"minecraft:stone_axe":127,"minecraft:diamond_sword":36,"minecraft:wooden_sword":31,"minecraft:cobblestone":56,"minecraft:cooked_porkchop":3},"minecraft:dropped":{"minecraft:bread":1,"minecraft:wheat_seeds":2,"minecraft:cobblestone":65,"minecraft:dirt":46,"minecraft:wooden_axe":1,"minecraft:wooden_sword":1,"minecraft:dandelion":2,"minecraft:stone_axe":1,"minecraft:cobbled_deepslate":346,"minecraft:tuff":36,"minecraft:obsidian":1,"minecraft:rotten_flesh":3,"minecraft:oak_planks":1,"minecraft:oak_sign":2,"minecraft:diamond_sword":1,"minecraft:oak_sapling":3,"minecraft:bow":1,"minecraft:wooden_pickaxe":1}},"DataVersion":3953}