{"stats":{"minecraft:crafted":{"minecraft:wooden_sword":1,"minecraft:wooden_shovel":2,"minecraft:stone_shovel":1,"minecraft:cooked_porkchop":22,"minecraft:crafting_table":2,"minecraft:spruce_planks":92,"minecraft:wooden_pickaxe":8,"minecraft:birch_planks":16,"minecraft:stone_axe":1,"minecraft:bow":1,"minecraft:wooden_hoe":4,"minecraft:stick":64,"minecraft:stone_pickaxe":1,"minecraft:wooden_axe":1,"minecraft:stone_sword":1,"minecraft:torch":4},"minecraft:used":{"minecraft:stone_sword":49,"minecraft:stone_pickaxe":23,"minecraft:stone_shovel":11,"minecraft:wooden_pickaxe":107,"minecraft:cooked_salmon":3,"minecraft:salmon":1,"minecraft:torch":1,"minecraft:dirt":21,"minecraft:sand":2,"minecraft:crafting_table":1,"minecraft:white_bed":1,"minecraft:wooden_axe":25,"minecraft:stone_axe":24,"minecraft:wooden_sword":14,"minecraft:furnace":1,"minecraft:cooked_porkchop":3},"minecraft:mined":{"minecraft:white_bed":1,"minecraft:crafting_table":1,"minecraft:short_grass":4,"minecraft:grass_block":69,"minecraft:poppy":2,"minecraft:spruce_leaves":11,"minecraft:large_fern":1,"minecraft:tall_seagrass":1,"minecraft:birch_log":23,"minecraft:lilac":1,"minecraft:spruce_log":22,"minecraft:birch_leaves":3,"minecraft:coal_ore":25,"minecraft:oak_log":5,"minecraft:dirt":4,"minecraft:sand":2,"minecraft:stone":85,"minecraft:oak_leaves":4,"minecraft:fern":2},"minecraft:custom":{"minecraft:interact_with_furnace":5,"minecraft:mob_kills":10,"minecraft:interact_with_crafting_table":9,"minecraft:leave_game":1,"minecraft:time_since_death":50011,"minecraft:sleep_in_bed":2,"minecraft:time_since_rest":2094,"minecraft:sprint_one_cm":17276,"minecraft:damage_taken":832,"minecraft:walk_one_cm":271726,"minecraft:drop":17,"minecraft:damage_dealt":1208,"minecraft:swim_one_cm":1289,"minecraft:fly_one_cm":3673,"minecraft:crouch_one_cm":66,"minecraft:play_time":64955,"minecraft:deaths":1,"minecraft:sneak_time":17,"minecraft:walk_under_water_one_cm":9765,"minecraft:boat_one_cm":34384,"minecraft:jump":378,"minecraft:walk_on_water_one_cm":7224,"minecraft:total_world_time":64955,"minecraft:fall_one_cm":4589},"minecraft:picked_up":{"minecraft:birch_log":20,"minecraft:crafting_table":2,"minecraft:salmon":2,"minecraft:brown_wool":1,"minecraft:wooden_pickaxe":2,"minecraft:dirt":92,"minecraft:string":3,"minecraft:cooked_salmon":4,"minecraft:bone":1,"minecraft:wheat_seeds":1,"minecraft:spruce_planks":67,"minecraft:poppy":4,"minecraft:furnace":1,"minecraft:stick":27,"minecraft:cooked_porkchop":3,"minecraft:sand":2,"minecraft:spruce_sapling":9,"minecraft:white_bed":3,"minecraft:spruce_log":24,"minecraft:stone_sword":1,"minecraft:arrow":1,"minecraft:mutton":5,"minecraft:coal":26,"minecraft:cobblestone":87},"minecraft:killed":{"minecraft:wolf":1,"minecraft:pig":1,"minecraft:salmon":3,"minecraft:spider":1,"minecraft:sheep":2,"minecraft:zombie":1,"minecraft:cow":1},"minecraft:killed_by":{"minecraft:zombie":1},"minecraft:dropped":{"minecraft:stone_sword":1,"minecraft:crafting_table":1,"minecraft:white_bed":1,"minecraft:poppy":2,"minecraft:wooden_pickaxe":6,"minecraft:spruce_sapling":9}},"DataVersion":3953}