{"stats":{"minecraft:custom":{"minecraft:interact_with_furnace":13,"minecraft:mob_kills":11,"minecraft:interact_with_crafting_table":27,"minecraft:leave_game":1,"minecraft:time_since_death":53423,"minecraft:time_since_rest":53462,"minecraft:sprint_one_cm":122968,"minecraft:damage_taken":840,"minecraft:walk_one_cm":318634,"minecraft:drop":9,"minecraft:damage_dealt":1765,"minecraft:swim_one_cm":371,"minecraft:fly_one_cm":21360,"minecraft:player_kills":1,"minecraft:crouch_one_cm":74,"minecraft:sneak_time":15,"minecraft:play_time":85869,"minecraft:deaths":2,"minecraft:walk_under_water_one_cm":382,"minecraft:jump":530,"minecraft:walk_on_water_one_cm":4406,"minecraft:total_world_time":85869,"minecraft:fall_one_cm":9223},"minecraft:mined":{"minecraft:tuff":1,"minecraft:white_bed":1,"minecraft:deepslate_diamond_ore":3,"minecraft:oak_door":1,"minecraft:dandelion":2,"minecraft:crafting_table":3,"minecraft:torch":2,"minecraft:short_grass":74,"minecraft:grass_block":11,"minecraft:cobblestone":4,"minecraft:oak_planks":8,"minecraft:diorite":5,"minecraft:wall_torch":12,"minecraft:andesite":4,"minecraft:deepslate_iron_ore":3,"minecraft:oak_log":50,"minecraft:dirt_path":1,"minecraft:oak_stairs":23,"minecraft:gravel":1,"minecraft:sand":4,"minecraft:dirt":13,"minecraft:stripped_oak_log":15,"minecraft:stone":176,"minecraft:white_wool":1,"minecraft:deepslate":190,"minecraft:oak_leaves":6},"minecraft:killed_by":{"minecraft:zombie":1},"minecraft:killed":{"minecraft:pig":1,"minecraft:spider":1,"minecraft:sheep":3,"minecraft:horse":1,"minecraft:zombie":2,"minecraft:chicken":2,"minecraft:cow":1},"minecraft:crafted":{"minecraft:cooked_beef":1,"minecraft:wooden_sword":1,"minecraft:oak_planks":160,"minecraft:wooden_shovel":1,"minecraft:cooked_porkchop":3,"minecraft:crafting_table":1,"minecraft:cooked_chicken":2,"minecraft:wooden_pickaxe":1,"minecraft:furnace":1,"minecraft:oak_wood":3,"minecraft:stone_axe":1,"minecraft:cooked_mutton":2,"minecraft:stick":156,"minecraft:iron_ingot":1,"minecraft:iron_pickaxe":1,"minecraft:stone_pickaxe":2,"minecraft:wooden_axe":1,"minecraft:oak_button":2},"minecraft:broken":{"minecraft:wooden_pickaxe":1},"minecraft:picked_up":{"minecraft:wooden_axe":1,"minecraft:stripped_oak_log":15,"minecraft:crafting_table":4,"minecraft:feather":3,"minecraft:cooked_beef":1,"minecraft:chicken":2,"minecraft:andesite":11,"minecraft:leather":3,"minecraft:wooden_pickaxe":3,"minecraft:oak_stairs":20,"minecraft:birch_planks":27,"minecraft:oak_log":48,"minecraft:lapis_lazuli":16,"minecraft:dirt":51,"minecraft:string":1,"minecraft:wooden_sword":1,"minecraft:wheat_seeds":9,"minecraft:cobbled_deepslate":160,"minecraft:iron_ingot":3,"minecraft:beef":1,"minecraft:stone_pickaxe":2,"minecraft:wooden_shovel":1,"minecraft:oak_planks":3,"minecraft:stick":3,"minecraft:raw_iron":8,"minecraft:oak_fence":1,"minecraft:torch":20,"minecraft:dandelion":3,"minecraft:porkchop":3,"minecraft:sand":4,"minecraft:diorite":5,"minecraft:white_bed":1,"minecraft:arrow":3,"minecraft:stone_sword":4,"minecraft:rotten_flesh":3,"minecraft:stone_shovel":1,"minecraft:diamond":6,"minecraft:stone_axe":1,"minecraft:granite":14,"minecraft:gray_wool":1,"minecraft:oak_sapling":7,"minecraft:mutton":5,"minecraft:white_wool":3,"minecraft:cobblestone":266},"minecraft:dropped":{"minecraft:wheat_seeds":2,"minecraft:wooden_axe":1,"minecraft:oak_sapling":3,"minecraft:wooden_sword":1,"minecraft:wooden_pickaxe":1,"minecraft:dandelion":2},"minecraft:used":{"minecraft:cooked_mutton":1,"minecraft:stone_sword":46,"minecraft:stone_pickaxe":257,"minecraft:wooden_pickaxe":51,"minecraft:cooked_chicken":2,"minecraft:white_wool":2,"minecraft:torch":6,"minecraft:dirt":6,"minecraft:crafting_table":3,"minecraft:wooden_axe":30,"minecraft:iron_pickaxe":107,"minecraft:stone_axe":50,"minecraft:wooden_sword":31,"minecraft:furnace":1,"minecraft:cooked_porkchop":1,"minecraft:cobbled_deepslate":4,"minecraft:cooked_beef":1}},"DataVersion":3953}