{"stats":{"minecraft:crafted":{"minecraft:wooden_sword":1,"minecraft:wooden_shovel":2,"minecraft:stone_shovel":11,"minecraft:cooked_porkchop":22,"minecraft:crafting_table":2,"minecraft:spruce_planks":92,"minecraft:wooden_pickaxe":8,"minecraft:birch_planks":16,"minecraft:stone_axe":2,"minecraft:jungle_planks":16,"minecraft:glass":26,"minecraft:jungle_door":6,"minecraft:bow":1,"minecraft:wooden_hoe":4,"minecraft:stick":64,"minecraft:stone_pickaxe":4,"minecraft:wooden_axe":1,"minecraft:stone_sword":3,"minecraft:chest":4,"minecraft:torch":4},"minecraft:used":{"minecraft:stone_sword":96,"minecraft:stone_pickaxe":138,"minecraft:stone_shovel":1060,"minecraft:chest":4,"minecraft:wooden_pickaxe":107,"minecraft:cooked_salmon":3,"minecraft:salmon":3,"minecraft:torch":2,"minecraft:dirt":126,"minecraft:sand":77,"minecraft:crafting_table":1,"minecraft:white_bed":4,"minecraft:glass":4,"minecraft:dark_oak_planks":4,"minecraft:wooden_axe":25,"minecraft:stone_axe":265,"minecraft:wooden_sword":14,"minecraft:oak_sapling":13,"minecraft:furnace":1,"minecraft:cooked_porkchop":9,"minecraft:jungle_door":3},"minecraft:custom":{"minecraft:interact_with_furnace":8,"minecraft:mob_kills":14,"minecraft:interact_with_crafting_table":19,"minecraft:leave_game":1,"minecraft:time_since_death":146011,"minecraft:sleep_in_bed":9,"minecraft:climb_one_cm":870,"minecraft:time_since_rest":12035,"minecraft:sprint_one_cm":57197,"minecraft:damage_taken":1387,"minecraft:walk_one_cm":774653,"minecraft:drop":258,"minecraft:damage_dealt":1597,"minecraft:swim_one_cm":2604,"minecraft:fly_one_cm":11848,"minecraft:open_chest":12,"minecraft:crouch_one_cm":1134,"minecraft:play_time":160955,"minecraft:deaths":1,"minecraft:sneak_time":295,"minecraft:walk_under_water_one_cm":12834,"minecraft:boat_one_cm":34384,"minecraft:jump":868,"minecraft:walk_on_water_one_cm":9539,"minecraft:total_world_time":160955,"minecraft:fall_one_cm":17727},"minecraft:mined":{"minecraft:dark_oak_planks":16,"minecraft:white_bed":3,"minecraft:dark_oak_leaves":18,"minecraft:jungle_leaves":34,"minecraft:dark_oak_log":52,"minecraft:crafting_table":1,"minecraft:granite":36,"minecraft:short_grass":74,"minecraft:grass_block":737,"minecraft:poppy":2,"minecraft:jungle_log":12,"minecraft:glass":1,"minecraft:copper_ore":10,"minecraft:spruce_leaves":11,"minecraft:oak_planks":1,"minecraft:sandstone":1,"minecraft:large_fern":1,"minecraft:tall_seagrass":1,"minecraft:birch_log":23,"minecraft:lilac":1,"minecraft:spruce_log":22,"minecraft:birch_leaves":4,"minecraft:pumpkin":5,"minecraft:coal_ore":47,"minecraft:oak_log":45,"minecraft:vine":41,"minecraft:dirt":126,"minecraft:sand":144,"minecraft:stone":112,"minecraft:oak_leaves":102,"minecraft:fern":22},"minecraft:picked_up":{"minecraft:birch_log":20,"minecraft:crafting_table":2,"minecraft:jungle_log":9,"minecraft:salmon":2,"minecraft:leather":1,"minecraft:brown_wool":1,"minecraft:wooden_pickaxe":2,"minecraft:oak_log":41,"minecraft:dirt":842,"minecraft:string":3,"minecraft:raw_copper":32,"minecraft:cooked_salmon":4,"minecraft:bone":3,"minecraft:apple":1,"minecraft:wheat_seeds":8,"minecraft:spruce_planks":115,"minecraft:beef":3,"minecraft:poppy":4,"minecraft:light_gray_wool":1,"minecraft:oak_planks":5,"minecraft:dark_oak_stairs":2,"minecraft:furnace":1,"minecraft:sandstone":1,"minecraft:dark_oak_sapling":1,"minecraft:stick":40,"minecraft:cooked_porkchop":3,"minecraft:oak_door":2,"minecraft:torch":1,"minecraft:sand":142,"minecraft:spruce_sapling":9,"minecraft:white_bed":5,"minecraft:spruce_log":24,"minecraft:dark_oak_log":49,"minecraft:dark_oak_planks":19,"minecraft:stone_sword":1,"minecraft:arrow":1,"minecraft:granite":18,"minecraft:oak_sapling":21,"minecraft:mutton":8,"minecraft:coal":48,"minecraft:white_wool":1,"minecraft:cobblestone":107},"minecraft:broken":{"minecraft:stone_pickaxe":1,"minecraft:stone_axe":2,"minecraft:stone_shovel":6},"minecraft:killed":{"minecraft:wolf":1,"minecraft:pig":1,"minecraft:salmon":3,"minecraft:spider":2,"minecraft:sheep":4,"minecraft:zombie":1,"minecraft:cow":2},"minecraft:killed_by":{"minecraft:zombie":1},"minecraft:dropped":{"minecraft:stone_sword":1,"minecraft:raw_copper":31,"minecraft:crafting_table":1,"minecraft:dark_oak_sapling":1,"minecraft:white_bed":1,"minecraft:dirt":236,"minecraft:poppy":4,"minecraft:wooden_hoe":4,"minecraft:wooden_axe":1,"minecraft:oak_sapling":7,"minecraft:wooden_shovel":1,"minecraft:wooden_pickaxe":8,"minecraft:spruce_sapling":9}},"DataVersion":3953}