{"stats":{"minecraft:custom":{"minecraft:interact_with_furnace":17,"minecraft:mob_kills":15,"minecraft:open_barrel":4,"minecraft:interact_with_crafting_table":43,"minecraft:leave_game":1,"minecraft:time_since_death":113423,"minecraft:time_since_rest":113462,"minecraft:sprint_one_cm":216871,"minecraft:damage_taken":1115,"minecraft:walk_one_cm":541288,"minecraft:drop":31,"minecraft:damage_dealt":2483,"minecraft:swim_one_cm":21142,"minecraft:fly_one_cm":37917,"minecraft:player_kills":1,"minecraft:open_chest":2,"minecraft:crouch_one_cm":149,"minecraft:sneak_time":31,"minecraft:play_time":145869,"minecraft:deaths":2,"minecraft:walk_under_water_one_cm":3846,"minecraft:boat_one_cm":122221,"minecraft:jump":828,"minecraft:walk_on_water_one_cm":10046,"minecraft:total_world_time":145869,"minecraft:fall_one_cm":10657},"minecraft:mined":{"minecraft:deepslate_redstone_ore":24,"minecraft:tuff":65,"minecraft:white_bed":1,"minecraft:deepslate_diamond_ore":7,"minecraft:oak_door":1,"minecraft:dandelion":2,"minecraft:crafting_table":3,"minecraft:torch":3,"minecraft:short_grass":96,"minecraft:grass_block":32,"minecraft:cobblestone":4,"minecraft:deepslate_gold_ore":8,"minecraft:sugar_cane":4,"minecraft:oak_planks":8,"minecraft:oak_wall_sign":3,"minecraft:diorite":5,"minecraft:wall_torch":30,"minecraft:cobbled_deepslate":3,"minecraft:andesite":4,"minecraft:deepslate_lapis_ore":4,"minecraft:deepslate_iron_ore":8,"minecraft:oak_log":76,"minecraft:dirt_path":1,"minecraft:oak_stairs":23,"minecraft:gravel":1,"minecraft:sand":4,"minecraft:dirt":14,"minecraft:stripped_oak_log":15,"minecraft:stone":176,"minecraft:white_wool":1,"minecraft:deepslate":482,"minecraft:oak_leaves":8},"minecraft:killed_by":{"minecraft:zombie":1},"minecraft:killed":{"minecraft:pig":1,"minecraft:spider":1,"minecraft:sheep":7,"minecraft:horse":1,"minecraft:zombie":2,"minecraft:chicken":2,"minecraft:cow":1},"minecraft:crafted":{"minecraft:cooked_beef":1,"minecraft:wooden_sword":1,"minecraft:oak_planks":252,"minecraft:wooden_shovel":1,"minecraft:oak_sign":3,"minecraft:diamond_sword":1,"minecraft:cooked_porkchop":3,"minecraft:crafting_table":3,"minecraft:cooked_chicken":2,"minecraft:wooden_pickaxe":1,"minecraft:furnace":1,"minecraft:oak_wood":3,"minecraft:stone_axe":1,"minecraft:cooked_mutton":2,"minecraft:diamond_pickaxe":1,"minecraft:stick":156,"minecraft:chest":4,"minecraft:iron_ingot":1,"minecraft:iron_pickaxe":1,"minecraft:stone_pickaxe":2,"minecraft:wooden_axe":1,"minecraft:gold_ingot":4,"minecraft:oak_button":2,"minecraft:golden_boots":1},"minecraft:broken":{"minecraft:iron_pickaxe":1,"minecraft:wooden_pickaxe":1,"minecraft:stone_pickaxe":2},"minecraft:picked_up":{"minecraft:wooden_axe":1,"minecraft:stripped_oak_log":15,"minecraft:crafting_table":5,"minecraft:feather":5,"minecraft:cooked_beef":1,"minecraft:chicken":2,"minecraft:andesite":11,"minecraft:leather":3,"minecraft:diamond_sword":1,"minecraft:wooden_pickaxe":3,"minecraft:oak_stairs":20,"minecraft:birch_planks":27,"minecraft:tuff":87,"minecraft:oak_log":71,"minecraft:gunpowder":2,"minecraft:lapis_lazuli":39,"minecraft:dirt":95,"minecraft:string":1,"minecraft:wooden_sword":1,"minecraft:cooked_mutton":1,"minecraft:oak_sign":6,"minecraft:wheat_seeds":9,"minecraft:cobbled_deepslate":626,"minecraft:raw_gold":8,"minecraft:iron_ingot":3,"minecraft:beef":1,"minecraft:stone_pickaxe":2,"minecraft:wooden_shovel":1,"minecraft:oak_planks":23,"minecraft:stick":3,"minecraft:raw_iron":14,"minecraft:oak_fence":1,"minecraft:torch":38,"minecraft:dandelion":3,"minecraft:porkchop":3,"minecraft:sand":4,"minecraft:diorite":5,"minecraft:white_bed":1,"minecraft:redstone":79,"minecraft:arrow":3,"minecraft:stone_sword":4,"minecraft:rotten_flesh":8,"minecraft:stone_shovel":1,"minecraft:diamond":8,"minecraft:stone_axe":1,"minecraft:granite":14,"minecraft:gray_wool":1,"minecraft:bread":4,"minecraft:oak_sapling":7,"minecraft:mutton":11,"minecraft:oxeye_daisy":2,"minecraft:white_wool":6,"minecraft:cobblestone":269},"minecraft:dropped":{"minecraft:wheat_seeds":2,"minecraft:cobbled_deepslate":346,"minecraft:tuff":36,"minecraft:obsidian":1,"minecraft:rotten_flesh":3,"minecraft:cobblestone":64,"minecraft:oak_sign":2,"minecraft:diamond_sword":1,"minecraft:dirt":32,"minecraft:wooden_axe":1,"minecraft:oak_sapling":3,"minecraft:wooden_sword":1,"minecraft:wooden_pickaxe":1,"minecraft:dandelion":2},"minecraft:used":{"minecraft:cooked_mutton":3,"minecraft:stone_sword":46,"minecraft:stone_pickaxe":303,"minecraft:chest":4,"minecraft:wooden_pickaxe":51,"minecraft:wooden_shovel":40,"minecraft:rotten_flesh":2,"minecraft:cooked_chicken":2,"minecraft:white_wool":2,"minecraft:torch":20,"minecraft:dirt":6,"minecraft:crafting_table":6,"minecraft:wooden_axe":30,"minecraft:diamond_pickaxe":231,"minecraft:iron_pickaxe":248,"minecraft:diamond_sword":31,"minecraft:stone_axe":85,"minecraft:wooden_sword":31,"minecraft:cobblestone":54,"minecraft:furnace":1,"minecraft:cooked_porkchop":3,"minecraft:cobbled_deepslate":70,"minecraft:cooked_beef":2}},"DataVersion":3953}