{"stats":{"minecraft:custom":{"minecraft:time_since_rest":19869,"minecraft:sprint_one_cm":12637,"minecraft:damage_taken":114,"minecraft:walk_one_cm":62790,"minecraft:mob_kills":2,"minecraft:damage_dealt":158,"minecraft:swim_one_cm":371,"minecraft:interact_with_crafting_table":13,"minecraft:fly_one_cm":2977,"minecraft:crouch_one_cm":25,"minecraft:play_time":19869,"minecraft:sneak_time":12,"minecraft:walk_under_water_one_cm":382,"minecraft:jump":114,"minecraft:leave_game":1,"minecraft:walk_on_water_one_cm":4022,"minecraft:time_since_death":19869,"minecraft:total_world_time":19869,"minecraft:fall_one_cm":2183},"minecraft:mined":{"minecraft:andesite":4,"minecraft:crafting_table":3,"minecraft:short_grass":63,"minecraft:grass_block":10,"minecraft:oak_log":12,"minecraft:sand":4,"minecraft:dirt":5,"minecraft:stone":15,"minecraft:white_wool":1,"minecraft:diorite":5,"minecraft:oak_leaves":1},"minecraft:killed":{"minecraft:sheep":2},"minecraft:crafted":{"minecraft:oak_planks":48,"minecraft:crafting_table":1,"minecraft:stick":84,"minecraft:oak_button":2},"minecraft:picked_up":{"minecraft:stick":1,"minecraft:crafting_table":4,"minecraft:andesite":3,"minecraft:sand":4,"minecraft:oak_log":12,"minecraft:diorite":5,"minecraft:dirt":14,"minecraft:wheat_seeds":7,"minecraft:stone_pickaxe":1,"minecraft:oak_sapling":4,"minecraft:mutton":3,"minecraft:white_wool":3,"minecraft:cobblestone":14},"minecraft:used":{"minecraft:stone_pickaxe":34,"minecraft:white_wool":2,"minecraft:crafting_table":3}},"DataVersion":3953}