{"stats":{"minecraft:custom":{"minecraft:time_since_rest":11462,"minecraft:interact_with_furnace":3,"minecraft:sprint_one_cm":86741,"minecraft:damage_taken":596,"minecraft:walk_one_cm":163112,"minecraft:mob_kills":5,"minecraft:damage_dealt":1184,"minecraft:player_kills":1,"minecraft:swim_one_cm":371,"minecraft:interact_with_crafting_table":23,"minecraft:fly_one_cm":17849,"minecraft:crouch_one_cm":25,"minecraft:play_time":43869,"minecraft:deaths":2,"minecraft:sneak_time":12,"minecraft:walk_under_water_one_cm":382,"minecraft:jump":325,"minecraft:leave_game":1,"minecraft:walk_on_water_one_cm":4406,"minecraft:time_since_death":11423,"minecraft:total_world_time":43869,"minecraft:fall_one_cm":5128},"minecraft:mined":{"minecraft:andesite":4,"minecraft:dandelion":2,"minecraft:crafting_table":3,"minecraft:short_grass":64,"minecraft:dirt_path":1,"minecraft:grass_block":11,"minecraft:oak_log":50,"minecraft:sand":4,"minecraft:dirt":13,"minecraft:cobblestone":2,"minecraft:stone":47,"minecraft:white_wool":1,"minecraft:diorite":5,"minecraft:oak_leaves":6},"minecraft:killed_by":{"minecraft:zombie":1},"minecraft:killed":{"minecraft:sheep":2,"minecraft:zombie":2,"minecraft:spider":1},"minecraft:crafted":{"minecraft:wooden_sword":1,"minecraft:oak_planks":64,"minecraft:wooden_shovel":1,"minecraft:crafting_table":1,"minecraft:stick":92,"minecraft:wooden_pickaxe":1,"minecraft:iron_ingot":1,"minecraft:wooden_axe":1,"minecraft:oak_button":2,"minecraft:oak_wood":3},"minecraft:picked_up":{"minecraft:wooden_axe":1,"minecraft:stick":3,"minecraft:crafting_table":4,"minecraft:cooked_beef":1,"minecraft:andesite":11,"minecraft:torch":8,"minecraft:wooden_pickaxe":3,"minecraft:dandelion":2,"minecraft:birch_planks":27,"minecraft:sand":4,"minecraft:oak_log":48,"minecraft:diorite":5,"minecraft:string":1,"minecraft:dirt":51,"minecraft:wooden_sword":1,"minecraft:stone_shovel":1,"minecraft:stone_sword":4,"minecraft:rotten_flesh":3,"minecraft:stone_axe":1,"minecraft:wheat_seeds":7,"minecraft:granite":14,"minecraft:stone_pickaxe":2,"minecraft:oak_sapling":5,"minecraft:mutton":3,"minecraft:white_wool":3,"minecraft:cobblestone":105},"minecraft:used":{"minecraft:wooden_axe":30,"minecraft:stone_sword":14,"minecraft:stone_pickaxe":34,"minecraft:wooden_pickaxe":38,"minecraft:white_wool":2,"minecraft:wooden_sword":29,"minecraft:dirt":6,"minecraft:crafting_table":3,"minecraft:cooked_beef":1}},"DataVersion":3953}