{"stats":{"minecraft:crafted":{"minecraft:wooden_sword":1,"minecraft:oak_planks":324,"minecraft:wooden_shovel":2,"minecraft:stone_shovel":11,"minecraft:cooked_porkchop":22,"minecraft:crafting_table":2,"minecraft:spruce_planks":92,"minecraft:wooden_pickaxe":8,"minecraft:iron_sword":1,"minecraft:birch_planks":16,"minecraft:stone_axe":9,"minecraft:jungle_planks":16,"minecraft:glass":26,"minecraft:jungle_door":6,"minecraft:bow":1,"minecraft:wooden_hoe":4,"minecraft:stick":80,"minecraft:iron_ingot":5,"minecraft:iron_pickaxe":1,"minecraft:stone_pickaxe":7,"minecraft:wooden_axe":1,"minecraft:stone_sword":3,"minecraft:chest":4,"minecraft:torch":12},"minecraft:used":{"minecraft:diorite":2,"minecraft:stone_sword":102,"minecraft:stone_pickaxe":210,"minecraft:stone_shovel":1063,"minecraft:oak_planks":278,"minecraft:chest":4,"minecraft:wooden_pickaxe":107,"minecraft:cooked_salmon":3,"minecraft:salmon":3,"minecraft:torch":5,"minecraft:dirt":126,"minecraft:sand":77,"minecraft:crafting_table":1,"minecraft:white_bed":6,"minecraft:birch_door":2,"minecraft:glass":26,"minecraft:dark_oak_planks":4,"minecraft:wooden_axe":25,"minecraft:stone_axe":348,"minecraft:wooden_sword":14,"minecraft:oak_sapling":13,"minecraft:furnace":1,"minecraft:cooked_porkchop":12,"minecraft:jungle_door":3},"minecraft:custom":{"minecraft:interact_with_furnace":11,"minecraft:mob_kills":15,"minecraft:interact_with_crafting_table":26,"minecraft:leave_game":2,"minecraft:time_since_death":192184,"minecraft:sleep_in_bed":13,"minecraft:climb_one_cm":870,"minecraft:time_since_rest":11535,"minecraft:sprint_one_cm":82554,"minecraft:damage_taken":1617,"minecraft:walk_one_cm":961462,"minecraft:drop":311,"minecraft:damage_dealt":1845,"minecraft:swim_one_cm":2604,"minecraft:fly_one_cm":12778,"minecraft:open_chest":24,"minecraft:crouch_one_cm":7312,"minecraft:play_time":207128,"minecraft:deaths":1,"minecraft:sneak_time":5096,"minecraft:walk_under_water_one_cm":12834,"minecraft:boat_one_cm":34384,"minecraft:jump":1036,"minecraft:walk_on_water_one_cm":9918,"minecraft:total_world_time":207128,"minecraft:fall_one_cm":21621},"minecraft:mined":{"minecraft:dark_oak_planks":16,"minecraft:white_bed":5,"minecraft:dark_oak_leaves":18,"minecraft:jungle_leaves":34,"minecraft:dark_oak_log":52,"minecraft:crafting_table":1,"minecraft:granite":36,"minecraft:short_grass":77,"minecraft:grass_block":737,"minecraft:poppy":2,"minecraft:jungle_log":12,"minecraft:cobblestone":1,"minecraft:glass":1,"minecraft:copper_ore":10,"minecraft:spruce_leaves":11,"minecraft:oak_planks":12,"minecraft:diorite":18,"minecraft:sandstone":1,"minecraft:large_fern":1,"minecraft:tall_seagrass":1,"minecraft:birch_log":23,"minecraft:iron_ore":6,"minecraft:lilac":1,"minecraft:spruce_log":22,"minecraft:birch_leaves":4,"minecraft:pumpkin":5,"minecraft:coal_ore":47,"minecraft:oak_log":109,"minecraft:vine":41,"minecraft:dirt":133,"minecraft:sand":144,"minecraft:stone":159,"minecraft:oak_leaves":113,"minecraft:fern":22},"minecraft:picked_up":{"minecraft:birch_log":20,"minecraft:crafting_table":2,"minecraft:jungle_log":9,"minecraft:salmon":2,"minecraft:leather":1,"minecraft:brown_wool":1,"minecraft:wooden_pickaxe":2,"minecraft:oak_log":129,"minecraft:dirt":849,"minecraft:string":3,"minecraft:raw_copper":32,"minecraft:cooked_salmon":4,"minecraft:bone":3,"minecraft:apple":1,"minecraft:bow":1,"minecraft:wheat_seeds":8,"minecraft:spruce_planks":115,"minecraft:beef":3,"minecraft:poppy":4,"minecraft:light_gray_wool":1,"minecraft:oak_planks":12,"minecraft:raw_iron":6,"minecraft:dark_oak_stairs":2,"minecraft:furnace":1,"minecraft:sandstone":1,"minecraft:dark_oak_sapling":1,"minecraft:stick":40,"minecraft:cooked_porkchop":3,"minecraft:oak_door":2,"minecraft:torch":1,"minecraft:sand":142,"minecraft:spruce_sapling":9,"minecraft:diorite":17,"minecraft:white_bed":7,"minecraft:spruce_log":24,"minecraft:dark_oak_log":49,"minecraft:dark_oak_planks":19,"minecraft:rotten_flesh":2,"minecraft:stone_sword":1,"minecraft:arrow":3,"minecraft:granite":18,"minecraft:oak_sapling":23,"minecraft:mutton":8,"minecraft:coal":48,"minecraft:white_wool":1,"minecraft:cobblestone":151},"minecraft:broken":{"minecraft:stone_pickaxe":1,"minecraft:stone_axe":2,"minecraft:stone_shovel":6},"minecraft:killed":{"minecraft:wolf":1,"minecraft:pig":1,"minecraft:salmon":3,"minecraft:spider":2,"minecraft:sheep":4,"minecraft:zombie":2,"minecraft:cow":2},"minecraft:killed_by":{"minecraft:zombie":1},"minecraft:dropped":{"minecraft:stone_sword":1,"minecraft:raw_copper":31,"minecraft:crafting_table":1,"minecraft:dark_oak_sapling":1,"minecraft:oak_planks":53,"minecraft:white_bed":1,"minecraft:dirt":236,"minecraft:poppy":4,"minecraft:wooden_hoe":4,"minecraft:wooden_axe":1,"minecraft:oak_sapling":7,"minecraft:wooden_shovel":1,"minecraft:wooden_pickaxe":8,"minecraft:spruce_sapling":9}},"DataVersion":3953}