{"stats":{"minecraft:crafted":{"minecraft:furnace":1,"minecraft:cooked_salmon":12,"minecraft:stone_axe":1,"minecraft:crafting_table":1,"minecraft:spruce_planks":156,"minecraft:stick":8,"minecraft:wooden_pickaxe":1,"minecraft:air":0,"minecraft:stone_pickaxe":1,"minecraft:wooden_axe":1},"minecraft:picked_up":{"minecraft:stick":1,"minecraft:salmon":20,"minecraft:spruce_sapling":2,"minecraft:spruce_log":39,"minecraft:cobblestone":33},"minecraft:used":{"minecraft:stone_axe":47,"minecraft:wooden_axe":13,"minecraft:crafting_table":1,"minecraft:furnace":1,"minecraft:wooden_pickaxe":33,"minecraft:cooked_salmon":1},"minecraft:mined":{"minecraft:tall_seagrass":1,"minecraft:spruce_log":40,"minecraft:spruce_leaves":3,"minecraft:stone":33,"minecraft:fern":1},"minecraft:custom":{"minecraft:time_since_rest":10284,"minecraft:interact_with_furnace":5,"minecraft:play_time":10284,"minecraft:sprint_one_cm":16994,"minecraft:damage_taken":40,"minecraft:walk_one_cm":12830,"minecraft:sneak_time":268,"minecraft:walk_under_water_one_cm":14927,"minecraft:mob_kills":20,"minecraft:jump":107,"minecraft:damage_dealt":600,"minecraft:leave_game":2,"minecraft:walk_on_water_one_cm":9413,"minecraft:time_since_death":10284,"minecraft:total_world_time":10284,"minecraft:swim_one_cm":27691,"minecraft:interact_with_crafting_table":5,"minecraft:fall_one_cm":2417,"minecraft:fly_one_cm":25013},"minecraft:killed":{"minecraft:salmon":20}},"DataVersion":3953}