{"stats":{"minecraft:crafted":{"minecraft:wooden_sword":1,"minecraft:oak_door":6,"minecraft:oak_planks":684,"minecraft:stone_shovel":6,"minecraft:oak_sign":3,"minecraft:cooked_chicken":6,"minecraft:cooked_mutton":13,"minecraft:glass":64,"minecraft:stone_pickaxe":5,"minecraft:chest":2,"minecraft:dark_oak_planks":484,"minecraft:cooked_beef":1,"minecraft:sugar":5,"minecraft:cooked_porkchop":10,"minecraft:dark_oak_stairs":40,"minecraft:crafting_table":2,"minecraft:spruce_planks":140,"minecraft:wooden_pickaxe":2,"minecraft:bowl":4,"minecraft:cooked_salmon":7,"minecraft:birch_planks":4,"minecraft:stone_axe":8,"minecraft:air":0,"minecraft:jungle_planks":4,"minecraft:stick":56,"minecraft:wooden_axe":1,"minecraft:stone_sword":1,"minecraft:white_bed":3,"minecraft:torch":28},"minecraft:custom":{"minecraft:mob_kills":61,"minecraft:interact_with_crafting_table":40,"minecraft:leave_game":4,"minecraft:time_since_death":159219,"minecraft:climb_one_cm":330,"minecraft:sprint_one_cm":406702,"minecraft:walk_one_cm":529532,"minecraft:drop":62,"minecraft:play_time":168052,"minecraft:deaths":1,"minecraft:sneak_time":2081,"minecraft:walk_under_water_one_cm":8761,"minecraft:boat_one_cm":15457,"minecraft:jump":2760,"minecraft:walk_on_water_one_cm":26050,"minecraft:total_world_time":168052,"minecraft:interact_with_furnace":47,"minecraft:sleep_in_bed":11,"minecraft:time_since_rest":8321,"minecraft:damage_taken":1115,"minecraft:damage_dealt":5810,"minecraft:swim_one_cm":30451,"minecraft:fly_one_cm":567244,"minecraft:open_chest":49,"minecraft:crouch_one_cm":6419,"minecraft:fall_one_cm":70101},"minecraft:used":{"minecraft:stone_sword":85,"minecraft:stone_shovel":842,"minecraft:oak_sign":5,"minecraft:chest":2,"minecraft:cooked_salmon":4,"minecraft:cooked_chicken":2,"minecraft:rotten_flesh":2,"minecraft:oak_door":5,"minecraft:torch":17,"minecraft:dirt":162,"minecraft:granite":4,"minecraft:wooden_axe":43,"minecraft:dark_oak_planks":84,"minecraft:furnace":2,"minecraft:cooked_beef":1,"minecraft:cooked_mutton":13,"minecraft:dark_oak_stairs":40,"minecraft:birch_planks":37,"minecraft:stone_pickaxe":468,"minecraft:oak_planks":600,"minecraft:wooden_pickaxe":32,"minecraft:salmon":3,"minecraft:sand":2,"minecraft:crafting_table":5,"minecraft:white_bed":3,"minecraft:stone_axe":794,"minecraft:cobblestone":56,"minecraft:cooked_porkchop":4},"minecraft:mined":{"minecraft:dark_oak_planks":20,"minecraft:white_bed":2,"minecraft:dark_oak_leaves":79,"minecraft:dark_oak_log":393,"minecraft:granite":78,"minecraft:grass_block":348,"minecraft:jungle_log":1,"minecraft:spruce_leaves":1,"minecraft:oak_wall_sign":2,"minecraft:tall_seagrass":2,"minecraft:furnace":2,"minecraft:iron_ore":5,"minecraft:andesite":6,"minecraft:dark_oak_stairs":1,"minecraft:vine":1,"minecraft:bamboo":11,"minecraft:stone":254,"minecraft:brown_mushroom":1,"minecraft:jungle_door":3,"minecraft:crafting_table":3,"minecraft:torch":4,"minecraft:short_grass":95,"minecraft:glass":3,"minecraft:copper_ore":3,"minecraft:cobblestone":33,"minecraft:sugar_cane":2,"minecraft:oak_planks":23,"minecraft:diorite":69,"minecraft:wall_torch":8,"minecraft:seagrass":1,"minecraft:spruce_log":38,"minecraft:birch_leaves":1,"minecraft:oak_log":169,"minecraft:coal_ore":22,"minecraft:sand":325,"minecraft:dirt":121,"minecraft:oak_leaves":40,"minecraft:fern":36},"minecraft:broken":{"minecraft:stone_pickaxe":3,"minecraft:stone_axe":6,"minecraft:wooden_axe":1,"minecraft:stone_shovel":5},"minecraft:picked_up":{"minecraft:wooden_axe":1,"minecraft:crafting_table":3,"minecraft:chicken":6,"minecraft:brown_mushroom":3,"minecraft:wooden_pickaxe":5,"minecraft:string":4,"minecraft:raw_copper":10,"minecraft:cooked_salmon":1,"minecraft:oak_sign":2,"minecraft:beef":6,"minecraft:sugar_cane":5,"minecraft:birch_sapling":1,"minecraft:furnace":2,"minecraft:raw_iron":5,"minecraft:dark_oak_sapling":24,"minecraft:stick":31,"minecraft:jungle_door":1,"minecraft:torch":12,"minecraft:porkchop":25,"minecraft:diorite":69,"minecraft:dark_oak_planks":19,"minecraft:rotten_flesh":4,"minecraft:mutton":26,"minecraft:white_wool":18,"minecraft:cobblestone":279,"minecraft:birch_log":2,"minecraft:feather":4,"minecraft:lilac":1,"minecraft:andesite":6,"minecraft:salmon":10,"minecraft:jungle_log":1,"minecraft:brown_wool":1,"minecraft:leather":3,"minecraft:birch_planks":38,"minecraft:oak_log":171,"minecraft:dirt":482,"minecraft:apple":1,"minecraft:wheat_seeds":25,"minecraft:bamboo":90,"minecraft:oak_planks":76,"minecraft:dark_oak_stairs":1,"minecraft:sand":327,"minecraft:spruce_sapling":1,"minecraft:grass_block":1,"minecraft:white_bed":3,"minecraft:spruce_log":35,"minecraft:dark_oak_log":404,"minecraft:spider_eye":4,"minecraft:granite":85,"minecraft:oak_sapling":10,"minecraft:coal":36},"minecraft:killed":{"minecraft:spider":5,"minecraft:skeleton":2,"minecraft:fox":1,"minecraft:chicken":5,"minecraft:pig":8,"minecraft:salmon":10,"minecraft:rabbit":1,"minecraft:sheep":19,"minecraft:zombie":5,"minecraft:enderman":1,"minecraft:cow":4},"minecraft:killed_by":{"minecraft:zombie":1},"minecraft:dropped":{"minecraft:birch_planks":1,"minecraft:brown_mushroom":3,"minecraft:wheat_seeds":12,"minecraft:lilac":1,"minecraft:dark_oak_sapling":24,"minecraft:cooked_porkchop":6,"minecraft:apple":1,"minecraft:grass_block":1,"minecraft:stick":25,"minecraft:dirt":239,"minecraft:dark_oak_log":283,"minecraft:wooden_axe":1,"minecraft:brown_wool":1,"minecraft:cooked_salmon":4,"minecraft:wooden_sword":1,"minecraft:sugar":5,"minecraft:string":4,"minecraft:dark_oak_planks":354,"minecraft:birch_log":1,"minecraft:white_wool":1,"minecraft:spruce_sapling":1,"minecraft:bowl":4,"minecraft:birch_sapling":1,"minecraft:rotten_flesh":2,"minecraft:oak_planks":113,"minecraft:white_bed":3,"minecraft:spruce_planks":14,"minecraft:oak_sapling":3,"minecraft:spider_eye":2,"minecraft:wooden_pickaxe":6}},"DataVersion":3953}