{"stats":{"minecraft:custom":{"minecraft:time_since_rest":9416,"minecraft:interact_with_furnace":5,"minecraft:sprint_one_cm":21393,"minecraft:play_time":9416,"minecraft:walk_one_cm":10793,"minecraft:sneak_time":21,"minecraft:mob_kills":2,"minecraft:jump":179,"minecraft:damage_dealt":170,"minecraft:time_since_death":9416,"minecraft:leave_game":1,"minecraft:walk_on_water_one_cm":2463,"minecraft:total_world_time":9416,"minecraft:interact_with_crafting_table":5,"minecraft:fall_one_cm":5552,"minecraft:fly_one_cm":48166},"minecraft:mined":{"minecraft:short_grass":9,"minecraft:oak_log":4,"minecraft:birch_log":2,"minecraft:tall_grass":2,"minecraft:stone":16,"minecraft:oak_leaves":7},"minecraft:killed":{"minecraft:pig":2},"minecraft:crafted":{"minecraft:stone_sword":1,"minecraft:furnace":1,"minecraft:oak_planks":16,"minecraft:birch_planks":8,"minecraft:cooked_porkchop":1,"minecraft:crafting_table":2,"minecraft:stick":8,"minecraft:air":0,"minecraft:wooden_pickaxe":1,"minecraft:stone_pickaxe":1},"minecraft:picked_up":{"minecraft:birch_log":2,"minecraft:porkchop":2,"minecraft:oak_log":4,"minecraft:oak_sapling":2,"minecraft:cobblestone":16},"minecraft:used":{"minecraft:stone_sword":4,"minecraft:crafting_table":2,"minecraft:cooked_porkchop":1,"minecraft:furnace":1,"minecraft:stone_pickaxe":9,"minecraft:wooden_pickaxe":7}},"DataVersion":3953}