{"stats":{"minecraft:crafted":{"minecraft:wooden_sword":1,"minecraft:oak_door":12,"minecraft:oak_planks":1080,"minecraft:stone_shovel":1,"minecraft:oak_sign":9,"minecraft:cooked_chicken":10,"minecraft:furnace":4,"minecraft:cooked_mutton":9,"minecraft:glass_pane":32,"minecraft:flint_and_steel":1,"minecraft:deepslate_brick_stairs":12,"minecraft:glass":20,"minecraft:diamond_helmet":1,"minecraft:diamond_leggings":1,"minecraft:iron_boots":1,"minecraft:polished_deepslate":1368,"minecraft:iron_axe":1,"minecraft:stone_pickaxe":3,"minecraft:chest":5,"minecraft:diamond_boots":1,"minecraft:golden_boots":1,"minecraft:cooked_beef":12,"minecraft:cooked_porkchop":20,"minecraft:crafting_table":8,"minecraft:wooden_pickaxe":2,"minecraft:iron_helmet":1,"minecraft:iron_sword":2,"minecraft:cooked_salmon":7,"minecraft:bucket":2,"minecraft:birch_planks":8,"minecraft:deepslate_tiles":560,"minecraft:stone_axe":1,"minecraft:air":0,"minecraft:oak_boat":1,"minecraft:iron_chestplate":1,"minecraft:diamond_pickaxe":2,"minecraft:shield":1,"minecraft:stick":104,"minecraft:iron_ingot":59,"minecraft:iron_pickaxe":8,"minecraft:stone_sword":1,"minecraft:deepslate_tile_stairs":32,"minecraft:iron_leggings":1,"minecraft:iron_shovel":4,"minecraft:gold_ingot":48,"minecraft:white_bed":1,"minecraft:torch":268,"minecraft:deepslate_bricks":1368,"minecraft:deepslate_tile_slab":36,"minecraft:diamond_chestplate":1},"minecraft:used":{"minecraft:stone_sword":43,"minecraft:iron_shovel":538,"minecraft:flint_and_steel":1,"minecraft:oak_sign":1,"minecraft:chest":8,"minecraft:shield":23,"minecraft:iron_sword":391,"minecraft:cooked_salmon":6,"minecraft:cooked_chicken":8,"minecraft:rotten_flesh":20,"minecraft:iron_chestplate":1,"minecraft:oak_door":16,"minecraft:torch":360,"minecraft:dirt":75,"minecraft:deepslate_tile_slab":43,"minecraft:tuff":23,"minecraft:obsidian":7,"minecraft:iron_axe":225,"minecraft:diamond_chestplate":1,"minecraft:deepslate_tile_stairs":21,"minecraft:furnace":14,"minecraft:egg":1,"minecraft:cooked_beef":10,"minecraft:cobbled_deepslate":27,"minecraft:cooked_mutton":9,"minecraft:water_bucket":51,"minecraft:stone_pickaxe":197,"minecraft:oak_planks":850,"minecraft:wooden_pickaxe":10,"minecraft:deepslate_bricks":143,"minecraft:crafting_table":18,"minecraft:white_bed":1,"minecraft:deepslate_brick_stairs":8,"minecraft:deepslate_tiles":522,"minecraft:oak_log":4,"minecraft:diamond_pickaxe":2286,"minecraft:iron_pickaxe":1504,"minecraft:gravel":11,"minecraft:stone_axe":102,"minecraft:wooden_sword":20,"minecraft:cobblestone":210,"minecraft:cooked_porkchop":15,"minecraft:bucket":52,"minecraft:glass_pane":17,"minecraft:oak_boat":3},"minecraft:picked_up":{"minecraft:crafting_table":12,"minecraft:chicken":12,"minecraft:wooden_pickaxe":2,"minecraft:enchanted_book":1,"minecraft:cornflower":1,"minecraft:string":37,"minecraft:raw_copper":27,"minecraft:oak_sign":5,"minecraft:deepslate_tiles":41,"minecraft:gold_nugget":30,"minecraft:cobbled_deepslate":2153,"minecraft:bucket":2,"minecraft:beef":16,"minecraft:oak_boat":3,"minecraft:iron_nugget":16,"minecraft:chest":3,"minecraft:egg":1,"minecraft:furnace":13,"minecraft:raw_iron":141,"minecraft:stick":5,"minecraft:oak_door":17,"minecraft:torch":92,"minecraft:porkchop":21,"minecraft:diorite":14,"minecraft:redstone":166,"minecraft:deepslate_tile_stairs":6,"minecraft:arrow":13,"minecraft:rotten_flesh":45,"minecraft:deepslate_bricks":10,"minecraft:deepslate_brick_stairs":4,"minecraft:mutton":9,"minecraft:obsidian":30,"minecraft:white_wool":7,"minecraft:cobblestone":542,"minecraft:oxeye_daisy":1,"minecraft:birch_log":2,"minecraft:feather":8,"minecraft:salmon":9,"minecraft:andesite":4,"minecraft:leather":11,"minecraft:brown_wool":1,"minecraft:birch_planks":4,"minecraft:flint":5,"minecraft:tuff":417,"minecraft:oak_log":274,"minecraft:golden_boots":1,"minecraft:gunpowder":1,"minecraft:deepslate_tile_slab":10,"minecraft:lapis_lazuli":179,"minecraft:dirt":694,"minecraft:cooked_mutton":1,"minecraft:bone":16,"minecraft:apple":1,"minecraft:wheat_seeds":16,"minecraft:raw_gold":62,"minecraft:stone_pickaxe":2,"minecraft:iron_ingot":27,"minecraft:iron_sword":1,"minecraft:oak_planks":136,"minecraft:quartz":4,"minecraft:dandelion":3,"minecraft:gravel":65,"minecraft:sand":84,"minecraft:spider_eye":4,"minecraft:diamond":48,"minecraft:stone_axe":1,"minecraft:granite":60,"minecraft:oak_sapling":12,"minecraft:netherrack":3,"minecraft:black_wool":1,"minecraft:coal":336},"minecraft:dropped":{"minecraft:enchanted_book":2,"minecraft:iron_ingot":47,"minecraft:iron_sword":1,"minecraft:birch_planks":4,"minecraft:wheat_seeds":3,"minecraft:cooked_beef":1,"minecraft:diamond":10,"minecraft:cooked_porkchop":5,"minecraft:feather":2,"minecraft:cobblestone":254,"minecraft:granite":60,"minecraft:coal":32,"minecraft:stick":6,"minecraft:oxeye_daisy":1,"minecraft:cornflower":1,"minecraft:wooden_sword":1,"minecraft:iron_pickaxe":2,"minecraft:bucket":3,"minecraft:white_wool":1,"minecraft:bone":5,"minecraft:redstone":9,"minecraft:oak_door":11,"minecraft:gravel":54,"minecraft:furnace":1,"minecraft:cooked_chicken":2,"minecraft:cobbled_deepslate":748,"minecraft:tuff":266,"minecraft:stone_shovel":1,"minecraft:obsidian":21,"minecraft:oak_planks":192,"minecraft:oak_sign":1,"minecraft:flint_and_steel":1,"minecraft:deepslate_bricks":803,"minecraft:filled_map":1,"minecraft:oak_sapling":2,"minecraft:golden_sword":1,"minecraft:spider_eye":1,"minecraft:stone_pickaxe":1,"minecraft:wooden_pickaxe":2,"minecraft:quartz":4,"minecraft:netherrack":1,"minecraft:black_wool":1},"minecraft:custom":{"minecraft:mob_kills":113,"minecraft:interact_with_crafting_table":86,"minecraft:open_barrel":1,"minecraft:leave_game":9,"minecraft:time_since_death":359968,"minecraft:climb_one_cm":8,"minecraft:sprint_one_cm":987411,"minecraft:walk_one_cm":1191312,"minecraft:damage_blocked_by_shield":1020,"minecraft:drop":110,"minecraft:play_time":391613,"minecraft:deaths":1,"minecraft:sneak_time":16563,"minecraft:walk_under_water_one_cm":52119,"minecraft:boat_one_cm":181332,"minecraft:jump":5841,"minecraft:walk_on_water_one_cm":49552,"minecraft:total_world_time":391613,"minecraft:interact_with_furnace":188,"minecraft:sleep_in_bed":2,"minecraft:time_since_rest":20630,"minecraft:damage_taken":2261,"minecraft:damage_dealt":16155,"minecraft:swim_one_cm":72806,"minecraft:fly_one_cm":1151783,"minecraft:open_chest":201,"minecraft:crouch_one_cm":41948,"minecraft:fall_one_cm":143320},"minecraft:killed_by":{"minecraft:zombie":1},"minecraft:broken":{"minecraft:iron_shovel":2,"minecraft:diamond_pickaxe":1,"minecraft:iron_sword":1,"minecraft:iron_pickaxe":6},"minecraft:mined":{"minecraft:nether_gold_ore":5,"minecraft:deepslate_tiles":41,"minecraft:diamond_ore":1,"minecraft:tuff":459,"minecraft:white_bed":4,"minecraft:deepslate_diamond_ore":45,"minecraft:oak_door":4,"minecraft:obsidian":30,"minecraft:granite":61,"minecraft:grass_block":386,"minecraft:deepslate_bricks":11,"minecraft:deepslate_tile_stairs":6,"minecraft:oak_wall_sign":4,"minecraft:redstone_ore":2,"minecraft:furnace":13,"minecraft:cobbled_deepslate":3,"minecraft:iron_ore":81,"minecraft:andesite":2,"minecraft:deepslate_lapis_ore":23,"minecraft:peony":1,"minecraft:oak_sign":1,"minecraft:deepslate_iron_ore":28,"minecraft:deepslate_brick_stairs":4,"minecraft:stone":487,"minecraft:deepslate_redstone_ore":36,"minecraft:glass_pane":1,"minecraft:deepslate_tile_slab":10,"minecraft:dandelion":2,"minecraft:cornflower":1,"minecraft:crafting_table":10,"minecraft:torch":57,"minecraft:short_grass":67,"minecraft:chest":3,"minecraft:tall_grass":14,"minecraft:nether_quartz_ore":4,"minecraft:copper_ore":7,"minecraft:cobblestone":25,"minecraft:deepslate_gold_ore":60,"minecraft:lapis_ore":2,"minecraft:oak_planks":61,"minecraft:diorite":17,"minecraft:wall_torch":25,"minecraft:birch_log":2,"minecraft:coal_ore":173,"minecraft:oak_log":275,"minecraft:gravel":72,"minecraft:sand":84,"minecraft:dirt":88,"minecraft:cobweb":27,"minecraft:netherrack":1,"minecraft:gold_ore":3,"minecraft:oak_leaves":14,"minecraft:deepslate":2305},"minecraft:killed":{"minecraft:cave_spider":1,"minecraft:spider":8,"minecraft:cod":1,"minecraft:skeleton":8,"minecraft:chicken":12,"minecraft:piglin":1,"minecraft:pig":12,"minecraft:zombie_villager":1,"minecraft:salmon":13,"minecraft:creeper":2,"minecraft:sheep":7,"minecraft:zombie":38,"minecraft:cow":8}},"DataVersion":3953}