{"stats":{"minecraft:custom":{"minecraft:time_since_rest":1797,"minecraft:interact_with_furnace":8,"minecraft:sprint_one_cm":91209,"minecraft:damage_taken":472,"minecraft:walk_one_cm":84626,"minecraft:mob_kills":8,"minecraft:drop":7,"minecraft:damage_dealt":1393,"minecraft:interact_with_crafting_table":12,"minecraft:fly_one_cm":154365,"minecraft:deaths":1,"minecraft:crouch_one_cm":947,"minecraft:play_time":33416,"minecraft:sneak_time":348,"minecraft:jump":720,"minecraft:leave_game":1,"minecraft:walk_on_water_one_cm":5356,"minecraft:time_since_death":1771,"minecraft:total_world_time":33416,"minecraft:fall_one_cm":23077},"minecraft:mined":{"minecraft:furnace":1,"minecraft:iron_ore":13,"minecraft:birch_log":2,"minecraft:crafting_table":4,"minecraft:short_grass":11,"minecraft:grass_block":5,"minecraft:oak_log":8,"minecraft:deepslate_iron_ore":3,"minecraft:tall_grass":2,"minecraft:stone":53,"minecraft:oak_leaves":7,"minecraft:deepslate":1},"minecraft:killed_by":{"minecraft:zombie":1},"minecraft:killed":{"minecraft:skeleton":1,"minecraft:zombie":5,"minecraft:pig":2},"minecraft:crafted":{"minecraft:wooden_sword":1,"minecraft:oak_planks":32,"minecraft:stone_shovel":1,"minecraft:cooked_porkchop":2,"minecraft:crafting_table":3,"minecraft:stick":20,"minecraft:wooden_pickaxe":2,"minecraft:stone_pickaxe":3,"minecraft:stone_sword":1,"minecraft:furnace":1,"minecraft:birch_planks":8,"minecraft:air":0},"minecraft:picked_up":{"minecraft:birch_log":2,"minecraft:stick":3,"minecraft:raw_iron":46,"minecraft:crafting_table":4,"minecraft:wooden_pickaxe":1,"minecraft:birch_planks":4,"minecraft:porkchop":2,"minecraft:oak_log":8,"minecraft:dirt":6,"minecraft:cooked_mutton":1,"minecraft:arrow":4,"minecraft:bone":11,"minecraft:rotten_flesh":6,"minecraft:stone_axe":1,"minecraft:wheat_seeds":3,"minecraft:cobbled_deepslate":1,"minecraft:stone_pickaxe":1,"minecraft:iron_ingot":3,"minecraft:oak_boat":1,"minecraft:oak_sapling":4,"minecraft:white_wool":2,"minecraft:cobblestone":77,"minecraft:furnace":2},"minecraft:dropped":{"minecraft:birch_planks":4,"minecraft:stone_shovel":1,"minecraft:stone_pickaxe":1,"minecraft:white_wool":1,"minecraft:stick":3},"minecraft:used":{"minecraft:cooked_mutton":1,"minecraft:stone_sword":43,"minecraft:stone_pickaxe":61,"minecraft:wooden_pickaxe":10,"minecraft:rotten_flesh":6,"minecraft:dirt":5,"minecraft:cobblestone":6,"minecraft:crafting_table":6,"minecraft:furnace":1,"minecraft:cooked_porkchop":2}},"DataVersion":3953}