{"stats":{"minecraft:used":{"minecraft:stone_sword":118,"minecraft:stone_shovel":842,"minecraft:oak_sign":5,"minecraft:chest":2,"minecraft:cooked_salmon":4,"minecraft:cooked_chicken":6,"minecraft:rotten_flesh":2,"minecraft:oak_door":5,"minecraft:torch":39,"minecraft:dirt":162,"minecraft:granite":4,"minecraft:wooden_axe":43,"minecraft:dark_oak_planks":89,"minecraft:furnace":2,"minecraft:cooked_beef":3,"minecraft:cobbled_deepslate":1,"minecraft:cooked_mutton":13,"minecraft:dark_oak_stairs":42,"minecraft:birch_planks":37,"minecraft:dark_oak_sign":1,"minecraft:stone_pickaxe":1052,"minecraft:oak_planks":600,"minecraft:wooden_pickaxe":32,"minecraft:salmon":3,"minecraft:sand":2,"minecraft:crafting_table":5,"minecraft:white_bed":3,"minecraft:stone_axe":822,"minecraft:cobblestone":76,"minecraft:cooked_porkchop":4},"minecraft:mined":{"minecraft:dark_oak_planks":22,"minecraft:white_bed":2,"minecraft:dark_oak_leaves":79,"minecraft:dark_oak_log":393,"minecraft:granite":177,"minecraft:grass_block":348,"minecraft:jungle_log":1,"minecraft:spruce_leaves":1,"minecraft:oak_wall_sign":2,"minecraft:tall_seagrass":2,"minecraft:furnace":2,"minecraft:iron_ore":11,"minecraft:andesite":17,"minecraft:dark_oak_stairs":2,"minecraft:vine":1,"minecraft:deepslate_iron_ore":2,"minecraft:bamboo":11,"minecraft:stone":451,"minecraft:brown_mushroom":1,"minecraft:jungle_door":3,"minecraft:crafting_table":3,"minecraft:torch":4,"minecraft:short_grass":97,"minecraft:cobblestone":35,"minecraft:glass":3,"minecraft:copper_ore":3,"minecraft:oak_planks":23,"minecraft:sugar_cane":2,"minecraft:diorite":107,"minecraft:wall_torch":10,"minecraft:seagrass":1,"minecraft:spruce_log":38,"minecraft:birch_leaves":1,"minecraft:oak_log":169,"minecraft:coal_ore":22,"minecraft:sand":325,"minecraft:dirt":121,"minecraft:oak_leaves":40,"minecraft:deepslate":226,"minecraft:fern":37},"minecraft:killed":{"minecraft:spider":6,"minecraft:skeleton":5,"minecraft:fox":1,"minecraft:chicken":8,"minecraft:drowned":1,"minecraft:pig":9,"minecraft:salmon":10,"minecraft:rabbit":1,"minecraft:bat":1,"minecraft:creeper":1,"minecraft:sheep":19,"minecraft:zombie":8,"minecraft:enderman":1,"minecraft:cow":8},"minecraft:dropped":{"minecraft:iron_ingot":6,"minecraft:birch_planks":1,"minecraft:brown_mushroom":3,"minecraft:wheat_seeds":12,"minecraft:lilac":1,"minecraft:dark_oak_sapling":24,"minecraft:cooked_porkchop":6,"minecraft:apple":1,"minecraft:grass_block":1,"minecraft:stick":25,"minecraft:dirt":239,"minecraft:dark_oak_log":283,"minecraft:wooden_axe":1,"minecraft:brown_wool":1,"minecraft:cooked_salmon":4,"minecraft:wooden_sword":1,"minecraft:sugar":5,"minecraft:string":4,"minecraft:dark_oak_planks":354,"minecraft:birch_log":1,"minecraft:white_wool":1,"minecraft:spruce_sapling":1,"minecraft:bowl":4,"minecraft:birch_sapling":1,"minecraft:rotten_flesh":2,"minecraft:oak_planks":113,"minecraft:white_bed":3,"minecraft:spruce_planks":14,"minecraft:oak_sapling":3,"minecraft:spider_eye":2,"minecraft:arrow":4,"minecraft:bow":1,"minecraft:wooden_pickaxe":6},"minecraft:picked_up":{"minecraft:wooden_axe":1,"minecraft:crafting_table":3,"minecraft:chicken":9,"minecraft:brown_mushroom":3,"minecraft:wooden_pickaxe":5,"minecraft:string":4,"minecraft:raw_copper":10,"minecraft:cooked_salmon":1,"minecraft:oak_sign":2,"minecraft:cobbled_deepslate":212,"minecraft:beef":13,"minecraft:sugar_cane":5,"minecraft:birch_sapling":1,"minecraft:furnace":2,"minecraft:dark_oak_sapling":24,"minecraft:stick":31,"minecraft:raw_iron":13,"minecraft:jungle_door":1,"minecraft:torch":15,"minecraft:porkchop":27,"minecraft:diorite":105,"minecraft:dark_oak_planks":21,"minecraft:arrow":6,"minecraft:rotten_flesh":10,"minecraft:mutton":26,"minecraft:white_wool":18,"minecraft:cobblestone":473,"minecraft:birch_log":2,"minecraft:feather":10,"minecraft:lilac":1,"minecraft:andesite":14,"minecraft:jungle_log":1,"minecraft:salmon":10,"minecraft:brown_wool":1,"minecraft:leather":6,"minecraft:birch_planks":38,"minecraft:oak_log":171,"minecraft:gunpowder":2,"minecraft:dirt":482,"minecraft:bone":2,"minecraft:apple":1,"minecraft:bow":1,"minecraft:wheat_seeds":25,"minecraft:iron_ingot":6,"minecraft:bamboo":90,"minecraft:oak_planks":78,"minecraft:dark_oak_stairs":2,"minecraft:sand":327,"minecraft:spruce_sapling":1,"minecraft:spruce_log":35,"minecraft:white_bed":3,"minecraft:grass_block":1,"minecraft:dark_oak_log":404,"minecraft:spider_eye":4,"minecraft:granite":184,"minecraft:oak_sapling":10,"minecraft:coal":36},"minecraft:broken":{"minecraft:stone_pickaxe":8,"minecraft:stone_axe":6,"minecraft:wooden_axe":1,"minecraft:stone_shovel":5},"minecraft:crafted":{"minecraft:wooden_sword":1,"minecraft:oak_door":6,"minecraft:oak_planks":684,"minecraft:stone_shovel":6,"minecraft:oak_sign":3,"minecraft:cooked_chicken":6,"minecraft:dark_oak_sign":3,"minecraft:cooked_mutton":13,"minecraft:glass":64,"minecraft:polished_diorite":4,"minecraft:polished_deepslate":4,"minecraft:stone_pickaxe":10,"minecraft:chest":2,"minecraft:dark_oak_planks":484,"minecraft:cooked_beef":7,"minecraft:sugar":5,"minecraft:cooked_porkchop":10,"minecraft:dark_oak_stairs":40,"minecraft:crafting_table":2,"minecraft:spruce_planks":140,"minecraft:wooden_pickaxe":2,"minecraft:iron_helmet":1,"minecraft:bowl":4,"minecraft:cooked_salmon":7,"minecraft:birch_planks":4,"minecraft:stone_axe":8,"minecraft:air":0,"minecraft:jungle_planks":4,"minecraft:iron_chestplate":1,"minecraft:stick":64,"minecraft:iron_ingot":14,"minecraft:wooden_axe":1,"minecraft:stone_sword":2,"minecraft:white_bed":3,"minecraft:torch":28,"minecraft:deepslate_bricks":4},"minecraft:custom":{"minecraft:mob_kills":79,"minecraft:interact_with_crafting_table":47,"minecraft:leave_game":8,"minecraft:time_since_death":210716,"minecraft:climb_one_cm":1181,"minecraft:sprint_one_cm":479632,"minecraft:walk_one_cm":649911,"minecraft:drop":66,"minecraft:play_time":219549,"minecraft:deaths":1,"minecraft:sneak_time":3015,"minecraft:walk_under_water_one_cm":9502,"minecraft:boat_one_cm":15457,"minecraft:jump":3560,"minecraft:walk_on_water_one_cm":33099,"minecraft:total_world_time":219549,"minecraft:interact_with_furnace":56,"minecraft:sleep_in_bed":15,"minecraft:time_since_rest":3898,"minecraft:damage_taken":1373,"minecraft:damage_dealt":8059,"minecraft:swim_one_cm":32072,"minecraft:fly_one_cm":695502,"minecraft:open_chest":79,"minecraft:crouch_one_cm":7328,"minecraft:fall_one_cm":75527},"minecraft:killed_by":{"minecraft:zombie":1}},"DataVersion":3953}