{"stats":{"minecraft:custom":{"minecraft:interact_with_furnace":106,"minecraft:mob_kills":54,"minecraft:interact_with_crafting_table":43,"minecraft:leave_game":1,"minecraft:time_since_death":91771,"minecraft:sleep_in_bed":1,"minecraft:time_since_rest":61607,"minecraft:sprint_one_cm":377675,"minecraft:damage_taken":1286,"minecraft:walk_one_cm":320889,"minecraft:damage_blocked_by_shield":714,"minecraft:drop":35,"minecraft:damage_dealt":8571,"minecraft:swim_one_cm":9425,"minecraft:fly_one_cm":492523,"minecraft:open_chest":7,"minecraft:crouch_one_cm":13214,"minecraft:play_time":123416,"minecraft:deaths":1,"minecraft:sneak_time":4984,"minecraft:walk_under_water_one_cm":18047,"minecraft:boat_one_cm":94002,"minecraft:jump":2617,"minecraft:walk_on_water_one_cm":31117,"minecraft:total_world_time":123416,"minecraft:fall_one_cm":79268},"minecraft:mined":{"minecraft:diamond_ore":1,"minecraft:deepslate_diamond_ore":7,"minecraft:obsidian":4,"minecraft:crafting_table":7,"minecraft:torch":40,"minecraft:granite":1,"minecraft:short_grass":27,"minecraft:grass_block":6,"minecraft:cobblestone":5,"minecraft:tall_grass":7,"minecraft:lapis_ore":2,"minecraft:deepslate_gold_ore":6,"minecraft:oak_planks":1,"minecraft:diorite":15,"minecraft:wall_torch":17,"minecraft:redstone_ore":2,"minecraft:furnace":9,"minecraft:birch_log":2,"minecraft:iron_ore":70,"minecraft:andesite":2,"minecraft:deepslate_lapis_ore":9,"minecraft:oak_log":13,"minecraft:coal_ore":107,"minecraft:deepslate_iron_ore":14,"minecraft:dirt":11,"minecraft:cobweb":27,"minecraft:stone":169,"minecraft:gold_ore":3,"minecraft:oak_leaves":7,"minecraft:deepslate":35},"minecraft:killed_by":{"minecraft:zombie":1},"minecraft:killed":{"minecraft:cave_spider":1,"minecraft:pig":7,"minecraft:zombie_villager":1,"minecraft:salmon":1,"minecraft:spider":4,"minecraft:creeper":1,"minecraft:skeleton":5,"minecraft:zombie":22,"minecraft:chicken":7,"minecraft:cow":4},"minecraft:crafted":{"minecraft:cooked_beef":5,"minecraft:wooden_sword":1,"minecraft:oak_door":12,"minecraft:oak_planks":52,"minecraft:stone_shovel":1,"minecraft:cooked_porkchop":10,"minecraft:crafting_table":5,"minecraft:cooked_chicken":7,"minecraft:iron_helmet":1,"minecraft:wooden_pickaxe":2,"minecraft:iron_sword":1,"minecraft:furnace":2,"minecraft:bucket":2,"minecraft:birch_planks":8,"minecraft:air":0,"minecraft:oak_boat":1,"minecraft:polished_deepslate":28,"minecraft:iron_boots":1,"minecraft:iron_chestplate":1,"minecraft:diamond_pickaxe":1,"minecraft:shield":1,"minecraft:stick":76,"minecraft:iron_ingot":34,"minecraft:iron_pickaxe":1,"minecraft:stone_pickaxe":3,"minecraft:stone_sword":1,"minecraft:iron_leggings":1,"minecraft:torch":208,"minecraft:deepslate_bricks":28},"minecraft:broken":{"minecraft:iron_pickaxe":1},"minecraft:picked_up":{"minecraft:birch_log":2,"minecraft:crafting_table":7,"minecraft:feather":2,"minecraft:chicken":7,"minecraft:andesite":2,"minecraft:leather":7,"minecraft:wooden_pickaxe":2,"minecraft:birch_planks":4,"minecraft:enchanted_book":1,"minecraft:tuff":1,"minecraft:oak_log":14,"minecraft:lapis_lazuli":80,"minecraft:string":34,"minecraft:dirt":38,"minecraft:cooked_mutton":1,"minecraft:bone":14,"minecraft:wheat_seeds":6,"minecraft:cobbled_deepslate":35,"minecraft:raw_gold":8,"minecraft:bucket":2,"minecraft:iron_ingot":5,"minecraft:beef":9,"minecraft:stone_pickaxe":2,"minecraft:oak_boat":2,"minecraft:oak_planks":65,"minecraft:egg":1,"minecraft:furnace":10,"minecraft:raw_iron":116,"minecraft:stick":3,"minecraft:oak_door":8,"minecraft:torch":62,"minecraft:porkchop":13,"minecraft:diorite":12,"minecraft:redstone":9,"minecraft:spider_eye":2,"minecraft:rotten_flesh":31,"minecraft:arrow":10,"minecraft:diamond":8,"minecraft:stone_axe":1,"minecraft:granite":1,"minecraft:oak_sapling":4,"minecraft:obsidian":4,"minecraft:coal":188,"minecraft:white_wool":2,"minecraft:cobblestone":200},"minecraft:used":{"minecraft:cooked_mutton":1,"minecraft:stone_sword":43,"minecraft:stone_pickaxe":197,"minecraft:oak_planks":14,"minecraft:shield":13,"minecraft:wooden_pickaxe":10,"minecraft:iron_sword":187,"minecraft:cooked_chicken":5,"minecraft:rotten_flesh":16,"minecraft:oak_door":1,"minecraft:torch":157,"minecraft:dirt":19,"minecraft:crafting_table":11,"minecraft:diamond_pickaxe":19,"minecraft:iron_pickaxe":254,"minecraft:wooden_sword":20,"minecraft:cobblestone":51,"minecraft:furnace":9,"minecraft:cooked_porkchop":10,"minecraft:bucket":3,"minecraft:oak_boat":2,"minecraft:egg":1,"minecraft:cobbled_deepslate":4,"minecraft:cooked_beef":4,"minecraft:water_bucket":2},"minecraft:dropped":{"minecraft:oak_door":11,"minecraft:enchanted_book":2,"minecraft:iron_ingot":2,"minecraft:birch_planks":4,"minecraft:wheat_seeds":1,"minecraft:cooked_chicken":2,"minecraft:cooked_beef":1,"minecraft:diamond":2,"minecraft:stone_shovel":1,"minecraft:feather":2,"minecraft:granite":1,"minecraft:coal":32,"minecraft:stick":6,"minecraft:oak_sapling":1,"minecraft:spider_eye":1,"minecraft:wooden_sword":1,"minecraft:stone_pickaxe":1,"minecraft:wooden_pickaxe":2,"minecraft:bucket":3,"minecraft:white_wool":1,"minecraft:bone":3,"minecraft:redstone":9}},"DataVersion":3953}