{"stats":{"minecraft:custom":{"minecraft:interact_with_furnace":48,"minecraft:mob_kills":15,"minecraft:interact_with_crafting_table":24,"minecraft:leave_game":1,"minecraft:time_since_death":19771,"minecraft:time_since_rest":19797,"minecraft:sprint_one_cm":128408,"minecraft:damage_taken":595,"minecraft:walk_one_cm":127598,"minecraft:damage_blocked_by_shield":28,"minecraft:drop":8,"minecraft:damage_dealt":2214,"minecraft:swim_one_cm":1956,"minecraft:fly_one_cm":221725,"minecraft:crouch_one_cm":1949,"minecraft:play_time":51416,"minecraft:deaths":1,"minecraft:sneak_time":953,"minecraft:walk_under_water_one_cm":2117,"minecraft:jump":1062,"minecraft:walk_on_water_one_cm":10479,"minecraft:total_world_time":51416,"minecraft:fall_one_cm":33816},"minecraft:mined":{"minecraft:crafting_table":5,"minecraft:torch":4,"minecraft:granite":1,"minecraft:short_grass":17,"minecraft:grass_block":5,"minecraft:cobblestone":1,"minecraft:tall_grass":2,"minecraft:oak_planks":1,"minecraft:wall_torch":3,"minecraft:furnace":2,"minecraft:birch_log":2,"minecraft:iron_ore":40,"minecraft:oak_log":13,"minecraft:coal_ore":62,"minecraft:deepslate_iron_ore":3,"minecraft:stone":81,"minecraft:gold_ore":2,"minecraft:oak_leaves":7,"minecraft:deepslate":1},"minecraft:killed_by":{"minecraft:zombie":1},"minecraft:killed":{"minecraft:pig":2,"minecraft:skeleton":1,"minecraft:zombie":7,"minecraft:cow":4},"minecraft:crafted":{"minecraft:cooked_beef":5,"minecraft:wooden_sword":1,"minecraft:oak_planks":52,"minecraft:stone_shovel":1,"minecraft:cooked_porkchop":2,"minecraft:crafting_table":4,"minecraft:iron_helmet":1,"minecraft:wooden_pickaxe":2,"minecraft:iron_sword":1,"minecraft:furnace":2,"minecraft:birch_planks":8,"minecraft:air":0,"minecraft:iron_chestplate":1,"minecraft:shield":1,"minecraft:stick":28,"minecraft:iron_ingot":18,"minecraft:iron_pickaxe":1,"minecraft:stone_pickaxe":3,"minecraft:stone_sword":1,"minecraft:torch":24},"minecraft:picked_up":{"minecraft:birch_log":2,"minecraft:crafting_table":5,"minecraft:leather":7,"minecraft:wooden_pickaxe":1,"minecraft:birch_planks":4,"minecraft:oak_log":13,"minecraft:dirt":6,"minecraft:cooked_mutton":1,"minecraft:bone":11,"minecraft:wheat_seeds":4,"minecraft:cobbled_deepslate":1,"minecraft:raw_gold":2,"minecraft:iron_ingot":4,"minecraft:beef":9,"minecraft:stone_pickaxe":1,"minecraft:oak_boat":1,"minecraft:oak_planks":1,"minecraft:furnace":3,"minecraft:raw_iron":73,"minecraft:stick":3,"minecraft:torch":7,"minecraft:porkchop":2,"minecraft:rotten_flesh":8,"minecraft:arrow":4,"minecraft:stone_axe":1,"minecraft:granite":1,"minecraft:oak_sapling":4,"minecraft:coal":62,"minecraft:white_wool":2,"minecraft:cobblestone":106},"minecraft:dropped":{"minecraft:birch_planks":4,"minecraft:cooked_beef":1,"minecraft:stone_shovel":1,"minecraft:stick":3,"minecraft:stone_pickaxe":1,"minecraft:white_wool":1},"minecraft:used":{"minecraft:cooked_mutton":1,"minecraft:stone_sword":43,"minecraft:stone_pickaxe":178,"minecraft:shield":1,"minecraft:wooden_pickaxe":10,"minecraft:iron_sword":8,"minecraft:rotten_flesh":6,"minecraft:torch":12,"minecraft:dirt":5,"minecraft:crafting_table":8,"minecraft:iron_pickaxe":9,"minecraft:wooden_sword":20,"minecraft:cobblestone":15,"minecraft:furnace":3,"minecraft:cooked_porkchop":2,"minecraft:cooked_beef":3}},"DataVersion":3953}