{"stats":{"minecraft:used":{"minecraft:stone_sword":151,"minecraft:polished_deepslate":12,"minecraft:stone_shovel":969,"minecraft:oak_sign":5,"minecraft:chest":5,"minecraft:spruce_planks":263,"minecraft:shield":7,"minecraft:iron_sword":1,"minecraft:cooked_salmon":4,"minecraft:cooked_chicken":9,"minecraft:rotten_flesh":2,"minecraft:oak_door":25,"minecraft:torch":165,"minecraft:dirt":271,"minecraft:golden_shovel":32,"minecraft:tuff":17,"minecraft:granite":4,"minecraft:birch_door":3,"minecraft:dark_oak_planks":693,"minecraft:glass":117,"minecraft:wooden_axe":43,"minecraft:furnace":2,"minecraft:oak_sapling":7,"minecraft:cooked_beef":16,"minecraft:cobbled_deepslate":112,"minecraft:cooked_mutton":17,"minecraft:dark_oak_stairs":42,"minecraft:birch_planks":45,"minecraft:dark_oak_sign":3,"minecraft:stone_pickaxe":2917,"minecraft:oak_planks":1051,"minecraft:wooden_pickaxe":32,"minecraft:deepslate_bricks":140,"minecraft:salmon":3,"minecraft:sand":3,"minecraft:crafting_table":11,"minecraft:white_bed":4,"minecraft:painting":26,"minecraft:deepslate_tiles":1,"minecraft:iron_pickaxe":53,"minecraft:stone_axe":1534,"minecraft:cobblestone":279,"minecraft:cooked_porkchop":7,"minecraft:dark_oak_fence":22,"minecraft:oak_boat":1},"minecraft:mined":{"minecraft:dark_oak_planks":114,"minecraft:deepslate_tiles":1,"minecraft:tuff":71,"minecraft:spruce_planks":4,"minecraft:white_bed":2,"minecraft:dark_oak_leaves":79,"minecraft:deepslate_diamond_ore":11,"minecraft:oak_door":2,"minecraft:dark_oak_log":393,"minecraft:granite":218,"minecraft:grass_block":352,"minecraft:jungle_log":1,"minecraft:deepslate_bricks":11,"minecraft:spruce_leaves":11,"minecraft:oak_wall_sign":2,"minecraft:sandstone":2,"minecraft:large_fern":3,"minecraft:tall_seagrass":3,"minecraft:furnace":2,"minecraft:iron_ore":17,"minecraft:cobbled_deepslate":78,"minecraft:andesite":18,"minecraft:deepslate_lapis_ore":1,"minecraft:dark_oak_stairs":2,"minecraft:polished_deepslate":12,"minecraft:deepslate_iron_ore":28,"minecraft:vine":1,"minecraft:bamboo":11,"minecraft:stone":858,"minecraft:deepslate_redstone_ore":16,"minecraft:brown_mushroom":1,"minecraft:jungle_door":3,"minecraft:crafting_table":3,"minecraft:clay":11,"minecraft:torch":5,"minecraft:short_grass":103,"minecraft:glass":16,"minecraft:copper_ore":3,"minecraft:cobblestone":42,"minecraft:deepslate_gold_ore":1,"minecraft:sugar_cane":2,"minecraft:oak_planks":94,"minecraft:diorite":111,"minecraft:wall_torch":25,"minecraft:seagrass":4,"minecraft:dark_oak_wall_sign":1,"minecraft:spruce_log":375,"minecraft:birch_leaves":1,"minecraft:oak_log":316,"minecraft:coal_ore":117,"minecraft:dark_oak_sign":1,"minecraft:sand":341,"minecraft:dirt":300,"minecraft:oak_leaves":82,"minecraft:deepslate":1338,"minecraft:fern":41},"minecraft:killed":{"minecraft:spider":6,"minecraft:skeleton":5,"minecraft:fox":1,"minecraft:chicken":9,"minecraft:drowned":1,"minecraft:pig":16,"minecraft:salmon":10,"minecraft:rabbit":1,"minecraft:bat":1,"minecraft:creeper":1,"minecraft:sheep":22,"minecraft:zombie":13,"minecraft:enderman":2,"minecraft:cow":14},"minecraft:dropped":{"minecraft:iron_ingot":6,"minecraft:birch_planks":1,"minecraft:brown_mushroom":3,"minecraft:wheat_seeds":12,"minecraft:lilac":1,"minecraft:dark_oak_sapling":24,"minecraft:cooked_porkchop":6,"minecraft:cobblestone":1,"minecraft:apple":1,"minecraft:grass_block":1,"minecraft:stick":25,"minecraft:dirt":239,"minecraft:dark_oak_log":283,"minecraft:wooden_axe":1,"minecraft:brown_wool":1,"minecraft:cooked_salmon":4,"minecraft:wooden_sword":1,"minecraft:sugar":5,"minecraft:string":4,"minecraft:dark_oak_planks":354,"minecraft:birch_log":1,"minecraft:white_wool":1,"minecraft:spruce_sapling":1,"minecraft:stone_axe":1,"minecraft:bowl":4,"minecraft:birch_sapling":1,"minecraft:rotten_flesh":2,"minecraft:oak_planks":113,"minecraft:white_bed":3,"minecraft:filled_map":1,"minecraft:deepslate_tiles":44,"minecraft:spruce_planks":14,"minecraft:oak_sapling":3,"minecraft:spider_eye":2,"minecraft:bow":1,"minecraft:arrow":4,"minecraft:wooden_pickaxe":6},"minecraft:picked_up":{"minecraft:wooden_axe":1,"minecraft:crafting_table":3,"minecraft:chicken":9,"minecraft:clay_ball":44,"minecraft:brown_mushroom":3,"minecraft:wooden_pickaxe":5,"minecraft:polished_deepslate":12,"minecraft:string":4,"minecraft:raw_copper":10,"minecraft:cooked_salmon":1,"minecraft:oak_sign":2,"minecraft:deepslate_tiles":1,"minecraft:cobbled_deepslate":1340,"minecraft:spruce_planks":4,"minecraft:beef":25,"minecraft:sugar_cane":5,"minecraft:birch_sapling":1,"minecraft:egg":1,"minecraft:furnace":2,"minecraft:dark_oak_sapling":24,"minecraft:stick":37,"minecraft:raw_iron":45,"minecraft:sandstone":2,"minecraft:jungle_door":1,"minecraft:oak_door":14,"minecraft:torch":34,"minecraft:porkchop":43,"minecraft:diorite":109,"minecraft:redstone":66,"minecraft:dark_oak_planks":94,"minecraft:rotten_flesh":11,"minecraft:arrow":6,"minecraft:deepslate_bricks":11,"minecraft:mutton":30,"minecraft:white_wool":21,"minecraft:cobblestone":880,"minecraft:birch_log":2,"minecraft:feather":10,"minecraft:lilac":1,"minecraft:andesite":15,"minecraft:jungle_log":1,"minecraft:salmon":10,"minecraft:brown_wool":1,"minecraft:leather":8,"minecraft:birch_planks":38,"minecraft:filled_map":2,"minecraft:tuff":70,"minecraft:oak_log":312,"minecraft:gunpowder":2,"minecraft:lapis_lazuli":6,"minecraft:dirt":638,"minecraft:bone":2,"minecraft:apple":1,"minecraft:bow":1,"minecraft:wheat_seeds":27,"minecraft:raw_gold":1,"minecraft:iron_ingot":6,"minecraft:dark_oak_sign":2,"minecraft:bamboo":90,"minecraft:oak_planks":136,"minecraft:dark_oak_stairs":2,"minecraft:sand":340,"minecraft:spruce_sapling":1,"minecraft:grass_block":1,"minecraft:white_bed":3,"minecraft:spruce_log":362,"minecraft:dark_oak_log":404,"minecraft:spider_eye":4,"minecraft:diamond":11,"minecraft:stone_axe":1,"minecraft:granite":223,"minecraft:painting":18,"minecraft:oak_sapling":18,"minecraft:coal":131},"minecraft:broken":{"minecraft:golden_shovel":1,"minecraft:stone_pickaxe":22,"minecraft:stone_axe":12,"minecraft:wooden_axe":1,"minecraft:stone_shovel":5},"minecraft:crafted":{"minecraft:wooden_sword":1,"minecraft:oak_door":12,"minecraft:oak_planks":1256,"minecraft:stone_shovel":7,"minecraft:oak_sign":3,"minecraft:cooked_chicken":9,"minecraft:dark_oak_sign":3,"minecraft:cooked_mutton":17,"minecraft:glass":128,"minecraft:dark_oak_fence":33,"minecraft:iron_boots":1,"minecraft:polished_diorite":4,"minecraft:polished_deepslate":420,"minecraft:stone_pickaxe":27,"minecraft:chest":5,"minecraft:birch_door":3,"minecraft:dark_oak_planks":1104,"minecraft:cooked_beef":26,"minecraft:sugar":5,"minecraft:cooked_porkchop":15,"minecraft:dark_oak_stairs":40,"minecraft:crafting_table":8,"minecraft:spruce_planks":432,"minecraft:wooden_pickaxe":2,"minecraft:iron_helmet":1,"minecraft:iron_sword":1,"minecraft:bowl":4,"minecraft:spruce_door":3,"minecraft:cooked_salmon":7,"minecraft:bucket":1,"minecraft:birch_planks":52,"minecraft:stone_axe":14,"minecraft:deepslate_tiles":44,"minecraft:painting":8,"minecraft:air":0,"minecraft:jungle_planks":4,"minecraft:oak_boat":1,"minecraft:iron_chestplate":1,"minecraft:shield":1,"minecraft:stick":236,"minecraft:iron_ingot":46,"minecraft:iron_pickaxe":2,"minecraft:wooden_axe":1,"minecraft:stone_sword":2,"minecraft:iron_leggings":1,"minecraft:white_bed":4,"minecraft:torch":156,"minecraft:deepslate_bricks":420},"minecraft:custom":{"minecraft:mob_kills":102,"minecraft:interact_with_crafting_table":91,"minecraft:leave_game":16,"minecraft:time_since_death":522770,"minecraft:climb_one_cm":2815,"minecraft:sprint_one_cm":969096,"minecraft:damage_blocked_by_shield":315,"minecraft:walk_one_cm":1218717,"minecraft:drop":70,"minecraft:talked_to_villager":2,"minecraft:play_time":531603,"minecraft:deaths":1,"minecraft:sneak_time":24314,"minecraft:walk_under_water_one_cm":75036,"minecraft:boat_one_cm":140384,"minecraft:jump":7064,"minecraft:walk_on_water_one_cm":63806,"minecraft:total_world_time":531603,"minecraft:interact_with_furnace":97,"minecraft:sleep_in_bed":29,"minecraft:time_since_rest":9220,"minecraft:damage_taken":2189,"minecraft:damage_dealt":10942,"minecraft:swim_one_cm":64084,"minecraft:fly_one_cm":1330131,"minecraft:open_chest":198,"minecraft:crouch_one_cm":55179,"minecraft:fall_one_cm":132881},"minecraft:killed_by":{"minecraft:zombie":1}},"DataVersion":3953}