{"stats":{"minecraft:custom":{"minecraft:mob_kills":56,"minecraft:interact_with_crafting_table":47,"minecraft:open_barrel":1,"minecraft:leave_game":1,"minecraft:time_since_death":115771,"minecraft:climb_one_cm":8,"minecraft:sprint_one_cm":419523,"minecraft:walk_one_cm":385447,"minecraft:damage_blocked_by_shield":714,"minecraft:drop":44,"minecraft:play_time":147416,"minecraft:deaths":1,"minecraft:sneak_time":5298,"minecraft:walk_under_water_one_cm":25154,"minecraft:boat_one_cm":181332,"minecraft:jump":2897,"minecraft:walk_on_water_one_cm":35591,"minecraft:total_world_time":147416,"minecraft:interact_with_furnace":124,"minecraft:sleep_in_bed":1,"minecraft:time_since_rest":85607,"minecraft:damage_taken":1504,"minecraft:damage_dealt":9079,"minecraft:swim_one_cm":26778,"minecraft:fly_one_cm":544483,"minecraft:open_chest":20,"minecraft:crouch_one_cm":14180,"minecraft:fall_one_cm":85853},"minecraft:mined":{"minecraft:nether_gold_ore":5,"minecraft:diamond_ore":1,"minecraft:deepslate_diamond_ore":7,"minecraft:obsidian":10,"minecraft:granite":1,"minecraft:grass_block":374,"minecraft:oak_wall_sign":1,"minecraft:redstone_ore":2,"minecraft:furnace":10,"minecraft:iron_ore":70,"minecraft:andesite":2,"minecraft:deepslate_lapis_ore":9,"minecraft:oak_sign":1,"minecraft:deepslate_iron_ore":14,"minecraft:stone":169,"minecraft:crafting_table":7,"minecraft:torch":40,"minecraft:short_grass":46,"minecraft:nether_quartz_ore":4,"minecraft:tall_grass":9,"minecraft:cobblestone":14,"minecraft:deepslate_gold_ore":6,"minecraft:lapis_ore":2,"minecraft:oak_planks":1,"minecraft:diorite":15,"minecraft:wall_torch":17,"minecraft:birch_log":2,"minecraft:coal_ore":107,"minecraft:oak_log":16,"minecraft:dirt":70,"minecraft:cobweb":27,"minecraft:netherrack":1,"minecraft:gold_ore":3,"minecraft:oak_leaves":7,"minecraft:deepslate":35},"minecraft:killed_by":{"minecraft:zombie":1},"minecraft:killed":{"minecraft:cave_spider":1,"minecraft:spider":4,"minecraft:skeleton":5,"minecraft:chicken":7,"minecraft:pig":7,"minecraft:zombie_villager":1,"minecraft:salmon":1,"minecraft:creeper":1,"minecraft:zombie":24,"minecraft:cow":4},"minecraft:crafted":{"minecraft:wooden_sword":1,"minecraft:oak_door":12,"minecraft:oak_planks":68,"minecraft:oak_sign":3,"minecraft:stone_shovel":1,"minecraft:cooked_chicken":7,"minecraft:furnace":2,"minecraft:iron_boots":1,"minecraft:polished_deepslate":28,"minecraft:stone_pickaxe":3,"minecraft:chest":1,"minecraft:golden_boots":1,"minecraft:cooked_beef":5,"minecraft:cooked_porkchop":12,"minecraft:crafting_table":5,"minecraft:wooden_pickaxe":2,"minecraft:iron_helmet":1,"minecraft:iron_sword":1,"minecraft:bucket":2,"minecraft:birch_planks":8,"minecraft:air":0,"minecraft:oak_boat":1,"minecraft:iron_chestplate":1,"minecraft:diamond_pickaxe":1,"minecraft:shield":1,"minecraft:stick":84,"minecraft:iron_ingot":34,"minecraft:iron_pickaxe":1,"minecraft:stone_sword":1,"minecraft:iron_shovel":2,"minecraft:gold_ingot":4,"minecraft:iron_leggings":1,"minecraft:torch":208,"minecraft:deepslate_bricks":28},"minecraft:broken":{"minecraft:iron_shovel":1,"minecraft:iron_pickaxe":1},"minecraft:picked_up":{"minecraft:crafting_table":9,"minecraft:chicken":7,"minecraft:wooden_pickaxe":2,"minecraft:enchanted_book":1,"minecraft:string":34,"minecraft:oak_sign":2,"minecraft:gold_nugget":15,"minecraft:cobbled_deepslate":35,"minecraft:bucket":2,"minecraft:beef":9,"minecraft:oak_boat":3,"minecraft:furnace":10,"minecraft:egg":1,"minecraft:stick":3,"minecraft:raw_iron":116,"minecraft:oak_door":12,"minecraft:torch":62,"minecraft:porkchop":13,"minecraft:diorite":12,"minecraft:redstone":9,"minecraft:arrow":10,"minecraft:rotten_flesh":33,"minecraft:obsidian":12,"minecraft:white_wool":2,"minecraft:cobblestone":209,"minecraft:birch_log":2,"minecraft:feather":2,"minecraft:andesite":2,"minecraft:leather":7,"minecraft:birch_planks":4,"minecraft:tuff":1,"minecraft:oak_log":17,"minecraft:dirt":575,"minecraft:lapis_lazuli":80,"minecraft:cooked_mutton":1,"minecraft:bone":14,"minecraft:wheat_seeds":15,"minecraft:raw_gold":8,"minecraft:stone_pickaxe":2,"minecraft:iron_ingot":5,"minecraft:oak_planks":72,"minecraft:quartz":4,"minecraft:spider_eye":2,"minecraft:diamond":8,"minecraft:stone_axe":1,"minecraft:granite":1,"minecraft:oak_sapling":4,"minecraft:netherrack":2,"minecraft:coal":188},"minecraft:used":{"minecraft:stone_sword":43,"minecraft:iron_shovel":440,"minecraft:chest":1,"minecraft:shield":13,"minecraft:iron_sword":199,"minecraft:rotten_flesh":20,"minecraft:cooked_chicken":5,"minecraft:oak_door":8,"minecraft:torch":157,"minecraft:dirt":20,"minecraft:furnace":10,"minecraft:egg":1,"minecraft:cooked_beef":4,"minecraft:cobbled_deepslate":4,"minecraft:cooked_mutton":1,"minecraft:water_bucket":6,"minecraft:stone_pickaxe":197,"minecraft:oak_planks":22,"minecraft:wooden_pickaxe":10,"minecraft:deepslate_bricks":3,"minecraft:crafting_table":12,"minecraft:diamond_pickaxe":46,"minecraft:iron_pickaxe":254,"minecraft:wooden_sword":20,"minecraft:cobblestone":112,"minecraft:cooked_porkchop":11,"minecraft:bucket":7,"minecraft:oak_boat":3},"minecraft:dropped":{"minecraft:enchanted_book":2,"minecraft:iron_ingot":2,"minecraft:birch_planks":4,"minecraft:wheat_seeds":3,"minecraft:cooked_beef":1,"minecraft:diamond":2,"minecraft:feather":2,"minecraft:granite":1,"minecraft:coal":32,"minecraft:stick":6,"minecraft:wooden_sword":1,"minecraft:white_wool":1,"minecraft:bucket":3,"minecraft:bone":3,"minecraft:redstone":9,"minecraft:oak_door":11,"minecraft:cooked_chicken":2,"minecraft:tuff":1,"minecraft:obsidian":11,"minecraft:stone_shovel":1,"minecraft:oak_sign":1,"minecraft:flint_and_steel":1,"minecraft:oak_sapling":1,"minecraft:golden_sword":1,"minecraft:spider_eye":1,"minecraft:wooden_pickaxe":2,"minecraft:stone_pickaxe":1,"minecraft:quartz":4,"minecraft:netherrack":1}},"DataVersion":3953}