{"stats":{"minecraft:custom":{"minecraft:mob_kills":83,"minecraft:interact_with_crafting_table":59,"minecraft:open_barrel":1,"minecraft:leave_game":2,"minecraft:time_since_death":179600,"minecraft:climb_one_cm":8,"minecraft:sprint_one_cm":592213,"minecraft:walk_one_cm":562529,"minecraft:damage_blocked_by_shield":931,"minecraft:drop":53,"minecraft:play_time":211245,"minecraft:deaths":1,"minecraft:sneak_time":7369,"minecraft:walk_under_water_one_cm":37236,"minecraft:boat_one_cm":181332,"minecraft:jump":4063,"minecraft:walk_on_water_one_cm":41132,"minecraft:total_world_time":211245,"minecraft:interact_with_furnace":160,"minecraft:sleep_in_bed":1,"minecraft:time_since_rest":149436,"minecraft:damage_taken":1954,"minecraft:damage_dealt":11976,"minecraft:swim_one_cm":62330,"minecraft:fly_one_cm":765208,"minecraft:open_chest":72,"minecraft:crouch_one_cm":18913,"minecraft:fall_one_cm":108185},"minecraft:mined":{"minecraft:nether_gold_ore":5,"minecraft:diamond_ore":1,"minecraft:tuff":14,"minecraft:white_bed":3,"minecraft:deepslate_diamond_ore":9,"minecraft:oak_door":2,"minecraft:obsidian":10,"minecraft:granite":61,"minecraft:grass_block":380,"minecraft:deepslate_bricks":10,"minecraft:oak_wall_sign":1,"minecraft:redstone_ore":2,"minecraft:furnace":11,"minecraft:iron_ore":81,"minecraft:andesite":2,"minecraft:deepslate_lapis_ore":9,"minecraft:oak_sign":1,"minecraft:deepslate_iron_ore":24,"minecraft:stone":487,"minecraft:deepslate_redstone_ore":1,"minecraft:crafting_table":8,"minecraft:torch":54,"minecraft:short_grass":52,"minecraft:copper_ore":7,"minecraft:nether_quartz_ore":4,"minecraft:tall_grass":10,"minecraft:cobblestone":25,"minecraft:deepslate_gold_ore":10,"minecraft:lapis_ore":2,"minecraft:oak_planks":9,"minecraft:diorite":17,"minecraft:wall_torch":21,"minecraft:birch_log":2,"minecraft:coal_ore":173,"minecraft:oak_log":53,"minecraft:gravel":44,"minecraft:dirt":74,"minecraft:cobweb":27,"minecraft:netherrack":1,"minecraft:gold_ore":3,"minecraft:oak_leaves":7,"minecraft:deepslate":237},"minecraft:killed_by":{"minecraft:zombie":1},"minecraft:killed":{"minecraft:cave_spider":1,"minecraft:spider":4,"minecraft:cod":1,"minecraft:skeleton":7,"minecraft:chicken":10,"minecraft:piglin":1,"minecraft:pig":11,"minecraft:zombie_villager":1,"minecraft:salmon":8,"minecraft:creeper":1,"minecraft:sheep":4,"minecraft:zombie":25,"minecraft:cow":8},"minecraft:crafted":{"minecraft:wooden_sword":1,"minecraft:oak_door":12,"minecraft:oak_planks":196,"minecraft:oak_sign":6,"minecraft:stone_shovel":1,"minecraft:cooked_chicken":10,"minecraft:furnace":4,"minecraft:cooked_mutton":3,"minecraft:deepslate_brick_stairs":12,"minecraft:iron_boots":1,"minecraft:polished_deepslate":236,"minecraft:stone_pickaxe":3,"minecraft:chest":2,"minecraft:golden_boots":1,"minecraft:cooked_beef":5,"minecraft:cooked_porkchop":12,"minecraft:crafting_table":6,"minecraft:wooden_pickaxe":2,"minecraft:iron_helmet":1,"minecraft:iron_sword":2,"minecraft:cooked_salmon":6,"minecraft:bucket":2,"minecraft:birch_planks":8,"minecraft:stone_axe":1,"minecraft:air":0,"minecraft:oak_boat":1,"minecraft:iron_chestplate":1,"minecraft:diamond_pickaxe":1,"minecraft:shield":1,"minecraft:stick":88,"minecraft:iron_ingot":55,"minecraft:iron_pickaxe":2,"minecraft:stone_sword":1,"minecraft:iron_shovel":2,"minecraft:gold_ingot":4,"minecraft:iron_leggings":1,"minecraft:torch":208,"minecraft:deepslate_bricks":236},"minecraft:broken":{"minecraft:iron_shovel":1,"minecraft:iron_sword":1,"minecraft:iron_pickaxe":1},"minecraft:picked_up":{"minecraft:crafting_table":10,"minecraft:chicken":10,"minecraft:wooden_pickaxe":2,"minecraft:enchanted_book":1,"minecraft:raw_copper":27,"minecraft:string":34,"minecraft:oak_sign":2,"minecraft:gold_nugget":15,"minecraft:cobbled_deepslate":244,"minecraft:bucket":2,"minecraft:beef":16,"minecraft:oak_boat":3,"minecraft:furnace":11,"minecraft:egg":1,"minecraft:stick":4,"minecraft:raw_iron":137,"minecraft:oak_door":15,"minecraft:torch":83,"minecraft:porkchop":18,"minecraft:diorite":14,"minecraft:redstone":13,"minecraft:arrow":12,"minecraft:rotten_flesh":33,"minecraft:deepslate_bricks":9,"minecraft:mutton":5,"minecraft:obsidian":12,"minecraft:white_wool":4,"minecraft:cobblestone":542,"minecraft:birch_log":2,"minecraft:feather":7,"minecraft:salmon":6,"minecraft:andesite":2,"minecraft:brown_wool":1,"minecraft:leather":11,"minecraft:birch_planks":4,"minecraft:flint":2,"minecraft:tuff":15,"minecraft:oak_log":53,"minecraft:dirt":660,"minecraft:lapis_lazuli":80,"minecraft:cooked_mutton":1,"minecraft:bone":15,"minecraft:wheat_seeds":15,"minecraft:raw_gold":12,"minecraft:stone_pickaxe":2,"minecraft:iron_ingot":5,"minecraft:oak_planks":82,"minecraft:quartz":4,"minecraft:gravel":42,"minecraft:spider_eye":2,"minecraft:diamond":10,"minecraft:stone_axe":1,"minecraft:granite":60,"minecraft:oak_sapling":5,"minecraft:black_wool":1,"minecraft:netherrack":2,"minecraft:coal":294},"minecraft:used":{"minecraft:stone_sword":43,"minecraft:iron_shovel":440,"minecraft:oak_sign":1,"minecraft:chest":2,"minecraft:shield":20,"minecraft:iron_sword":286,"minecraft:cooked_salmon":6,"minecraft:rotten_flesh":20,"minecraft:cooked_chicken":8,"minecraft:oak_door":12,"minecraft:torch":264,"minecraft:dirt":52,"minecraft:furnace":13,"minecraft:egg":1,"minecraft:cooked_beef":4,"minecraft:cobbled_deepslate":4,"minecraft:cooked_mutton":4,"minecraft:water_bucket":16,"minecraft:stone_pickaxe":197,"minecraft:oak_planks":124,"minecraft:wooden_pickaxe":10,"minecraft:deepslate_bricks":142,"minecraft:crafting_table":14,"minecraft:deepslate_brick_stairs":8,"minecraft:oak_log":2,"minecraft:diamond_pickaxe":768,"minecraft:iron_pickaxe":254,"minecraft:gravel":11,"minecraft:stone_axe":36,"minecraft:wooden_sword":20,"minecraft:cobblestone":184,"minecraft:cooked_porkchop":12,"minecraft:bucket":17,"minecraft:oak_boat":3},"minecraft:dropped":{"minecraft:enchanted_book":2,"minecraft:iron_ingot":2,"minecraft:birch_planks":4,"minecraft:wheat_seeds":3,"minecraft:cooked_beef":1,"minecraft:diamond":2,"minecraft:feather":2,"minecraft:cobblestone":254,"minecraft:granite":1,"minecraft:coal":32,"minecraft:stick":6,"minecraft:wooden_sword":1,"minecraft:white_wool":1,"minecraft:bucket":3,"minecraft:bone":3,"minecraft:redstone":9,"minecraft:oak_door":11,"minecraft:cooked_chicken":2,"minecraft:tuff":1,"minecraft:obsidian":11,"minecraft:stone_shovel":1,"minecraft:oak_sign":1,"minecraft:flint_and_steel":1,"minecraft:deepslate_bricks":208,"minecraft:oak_sapling":1,"minecraft:golden_sword":1,"minecraft:spider_eye":1,"minecraft:wooden_pickaxe":2,"minecraft:stone_pickaxe":1,"minecraft:quartz":4,"minecraft:netherrack":1}},"DataVersion":3953}