{"stats":{"minecraft:crafted":{"minecraft:wooden_sword":1,"minecraft:oak_door":6,"minecraft:oak_planks":684,"minecraft:stone_shovel":6,"minecraft:oak_sign":3,"minecraft:cooked_chicken":6,"minecraft:cooked_mutton":13,"minecraft:glass":64,"minecraft:polished_diorite":4,"minecraft:polished_deepslate":4,"minecraft:stone_pickaxe":8,"minecraft:chest":2,"minecraft:dark_oak_planks":484,"minecraft:cooked_beef":1,"minecraft:sugar":5,"minecraft:cooked_porkchop":10,"minecraft:dark_oak_stairs":40,"minecraft:crafting_table":2,"minecraft:spruce_planks":140,"minecraft:wooden_pickaxe":2,"minecraft:bowl":4,"minecraft:cooked_salmon":7,"minecraft:birch_planks":4,"minecraft:stone_axe":8,"minecraft:air":0,"minecraft:jungle_planks":4,"minecraft:stick":60,"minecraft:iron_ingot":11,"minecraft:wooden_axe":1,"minecraft:stone_sword":1,"minecraft:white_bed":3,"minecraft:torch":28,"minecraft:deepslate_bricks":4},"minecraft:custom":{"minecraft:mob_kills":64,"minecraft:interact_with_crafting_table":41,"minecraft:leave_game":5,"minecraft:time_since_death":193545,"minecraft:climb_one_cm":330,"minecraft:sprint_one_cm":431306,"minecraft:walk_one_cm":607928,"minecraft:drop":66,"minecraft:play_time":202378,"minecraft:deaths":1,"minecraft:sneak_time":2623,"minecraft:walk_under_water_one_cm":8761,"minecraft:boat_one_cm":15457,"minecraft:jump":3150,"minecraft:walk_on_water_one_cm":26050,"minecraft:total_world_time":202378,"minecraft:interact_with_furnace":53,"minecraft:sleep_in_bed":13,"minecraft:time_since_rest":11535,"minecraft:damage_taken":1230,"minecraft:damage_dealt":6250,"minecraft:swim_one_cm":30451,"minecraft:fly_one_cm":610016,"minecraft:open_chest":62,"minecraft:crouch_one_cm":6926,"minecraft:fall_one_cm":71415},"minecraft:used":{"minecraft:stone_sword":100,"minecraft:stone_shovel":842,"minecraft:oak_sign":5,"minecraft:chest":2,"minecraft:cooked_salmon":4,"minecraft:cooked_chicken":4,"minecraft:rotten_flesh":2,"minecraft:oak_door":5,"minecraft:torch":27,"minecraft:dirt":162,"minecraft:granite":4,"minecraft:wooden_axe":43,"minecraft:dark_oak_planks":84,"minecraft:furnace":2,"minecraft:cooked_beef":1,"minecraft:cobbled_deepslate":1,"minecraft:cooked_mutton":13,"minecraft:dark_oak_stairs":42,"minecraft:birch_planks":37,"minecraft:stone_pickaxe":977,"minecraft:oak_planks":600,"minecraft:wooden_pickaxe":32,"minecraft:salmon":3,"minecraft:sand":2,"minecraft:crafting_table":5,"minecraft:white_bed":3,"minecraft:stone_axe":794,"minecraft:cobblestone":76,"minecraft:cooked_porkchop":4},"minecraft:mined":{"minecraft:dark_oak_planks":20,"minecraft:white_bed":2,"minecraft:dark_oak_leaves":79,"minecraft:dark_oak_log":393,"minecraft:granite":177,"minecraft:grass_block":348,"minecraft:jungle_log":1,"minecraft:spruce_leaves":1,"minecraft:oak_wall_sign":2,"minecraft:tall_seagrass":2,"minecraft:furnace":2,"minecraft:iron_ore":11,"minecraft:andesite":17,"minecraft:dark_oak_stairs":2,"minecraft:deepslate_iron_ore":2,"minecraft:vine":1,"minecraft:bamboo":11,"minecraft:stone":451,"minecraft:brown_mushroom":1,"minecraft:jungle_door":3,"minecraft:crafting_table":3,"minecraft:torch":4,"minecraft:short_grass":95,"minecraft:glass":3,"minecraft:copper_ore":3,"minecraft:cobblestone":35,"minecraft:sugar_cane":2,"minecraft:oak_planks":23,"minecraft:diorite":107,"minecraft:wall_torch":8,"minecraft:seagrass":1,"minecraft:spruce_log":38,"minecraft:birch_leaves":1,"minecraft:oak_log":169,"minecraft:coal_ore":22,"minecraft:sand":325,"minecraft:dirt":121,"minecraft:deepslate":153,"minecraft:oak_leaves":40,"minecraft:fern":36},"minecraft:broken":{"minecraft:stone_pickaxe":7,"minecraft:stone_axe":6,"minecraft:wooden_axe":1,"minecraft:stone_shovel":5},"minecraft:picked_up":{"minecraft:wooden_axe":1,"minecraft:crafting_table":3,"minecraft:chicken":6,"minecraft:brown_mushroom":3,"minecraft:wooden_pickaxe":5,"minecraft:string":4,"minecraft:raw_copper":10,"minecraft:cooked_salmon":1,"minecraft:oak_sign":2,"minecraft:cobbled_deepslate":139,"minecraft:beef":6,"minecraft:sugar_cane":5,"minecraft:birch_sapling":1,"minecraft:furnace":2,"minecraft:raw_iron":13,"minecraft:dark_oak_sapling":24,"minecraft:stick":31,"minecraft:jungle_door":1,"minecraft:torch":13,"minecraft:porkchop":25,"minecraft:diorite":105,"minecraft:dark_oak_planks":19,"minecraft:arrow":4,"minecraft:rotten_flesh":7,"minecraft:mutton":26,"minecraft:white_wool":18,"minecraft:cobblestone":473,"minecraft:birch_log":2,"minecraft:feather":4,"minecraft:lilac":1,"minecraft:andesite":14,"minecraft:salmon":10,"minecraft:jungle_log":1,"minecraft:brown_wool":1,"minecraft:leather":3,"minecraft:birch_planks":38,"minecraft:oak_log":171,"minecraft:dirt":482,"minecraft:apple":1,"minecraft:bow":1,"minecraft:wheat_seeds":25,"minecraft:iron_ingot":6,"minecraft:bamboo":90,"minecraft:oak_planks":78,"minecraft:dark_oak_stairs":2,"minecraft:sand":327,"minecraft:spruce_sapling":1,"minecraft:grass_block":1,"minecraft:white_bed":3,"minecraft:spruce_log":35,"minecraft:dark_oak_log":404,"minecraft:spider_eye":4,"minecraft:granite":184,"minecraft:oak_sapling":10,"minecraft:coal":36},"minecraft:killed":{"minecraft:spider":5,"minecraft:skeleton":3,"minecraft:fox":1,"minecraft:chicken":5,"minecraft:pig":8,"minecraft:salmon":10,"minecraft:rabbit":1,"minecraft:sheep":19,"minecraft:zombie":7,"minecraft:enderman":1,"minecraft:cow":4},"minecraft:killed_by":{"minecraft:zombie":1},"minecraft:dropped":{"minecraft:iron_ingot":6,"minecraft:birch_planks":1,"minecraft:brown_mushroom":3,"minecraft:wheat_seeds":12,"minecraft:lilac":1,"minecraft:dark_oak_sapling":24,"minecraft:cooked_porkchop":6,"minecraft:apple":1,"minecraft:grass_block":1,"minecraft:stick":25,"minecraft:dirt":239,"minecraft:dark_oak_log":283,"minecraft:wooden_axe":1,"minecraft:brown_wool":1,"minecraft:cooked_salmon":4,"minecraft:wooden_sword":1,"minecraft:sugar":5,"minecraft:string":4,"minecraft:dark_oak_planks":354,"minecraft:birch_log":1,"minecraft:white_wool":1,"minecraft:spruce_sapling":1,"minecraft:bowl":4,"minecraft:birch_sapling":1,"minecraft:rotten_flesh":2,"minecraft:oak_planks":113,"minecraft:white_bed":3,"minecraft:spruce_planks":14,"minecraft:oak_sapling":3,"minecraft:spider_eye":2,"minecraft:arrow":4,"minecraft:bow":1,"minecraft:wooden_pickaxe":6}},"DataVersion":3953}