{"stats":{"minecraft:custom":{"minecraft:mob_kills":59,"minecraft:interact_with_crafting_table":40,"minecraft:leave_game":1,"minecraft:time_since_death":68598,"minecraft:sprint_one_cm":562662,"minecraft:walk_one_cm":353592,"minecraft:damage_blocked_by_shield":674,"minecraft:drop":10,"minecraft:sneak_time":3289,"minecraft:play_time":172119,"minecraft:deaths":3,"minecraft:walk_under_water_one_cm":25612,"minecraft:boat_one_cm":203096,"minecraft:jump":2616,"minecraft:walk_on_water_one_cm":32755,"minecraft:total_world_time":172119,"minecraft:interact_with_furnace":68,"minecraft:time_since_rest":68650,"minecraft:damage_taken":1847,"minecraft:damage_dealt":9079,"minecraft:swim_one_cm":15515,"minecraft:fly_one_cm":522104,"minecraft:open_chest":28,"minecraft:crouch_one_cm":8810,"minecraft:fish_caught":2,"minecraft:fall_one_cm":63694},"minecraft:mined":{"minecraft:tuff":12,"minecraft:deepslate_diamond_ore":6,"minecraft:glow_lichen":1,"minecraft:granite":51,"minecraft:grass_block":196,"minecraft:crimson_fungus":1,"minecraft:oak_wall_sign":1,"minecraft:crimson_stem":7,"minecraft:spawner":2,"minecraft:furnace":5,"minecraft:iron_ore":63,"minecraft:cobbled_deepslate":4,"minecraft:andesite":16,"minecraft:deepslate_lapis_ore":10,"minecraft:deepslate_iron_ore":26,"minecraft:oak_sign":2,"minecraft:dirt_path":1,"minecraft:stone":249,"minecraft:crafting_table":9,"minecraft:short_grass":32,"minecraft:tall_grass":8,"minecraft:copper_ore":5,"minecraft:cobblestone":3,"minecraft:deepslate_gold_ore":12,"minecraft:diorite":36,"minecraft:wall_torch":1,"minecraft:nether_wart_block":1,"minecraft:oak_log":45,"minecraft:coal_ore":52,"minecraft:gravel":2,"minecraft:dirt":147,"minecraft:cobweb":23,"minecraft:oak_leaves":8,"minecraft:deepslate":54},"minecraft:killed_by":{"minecraft:skeleton":1,"minecraft:zombie":1},"minecraft:killed":{"minecraft:cave_spider":1,"minecraft:spider":3,"minecraft:skeleton":10,"minecraft:chicken":4,"minecraft:drowned":2,"minecraft:pig":1,"minecraft:salmon":5,"minecraft:creeper":1,"minecraft:sheep":11,"minecraft:zombie":15,"minecraft:cow":4},"minecraft:crafted":{"minecraft:oak_planks":108,"minecraft:oak_sign":3,"minecraft:furnace":6,"minecraft:cooked_mutton":21,"minecraft:iron_boots":1,"minecraft:stone_pickaxe":4,"minecraft:chest":2,"minecraft:cooked_beef":5,"minecraft:crimson_planks":40,"minecraft:diamond_sword":1,"minecraft:crafting_table":3,"minecraft:wooden_pickaxe":2,"minecraft:iron_helmet":1,"minecraft:cooked_salmon":4,"minecraft:stone_axe":3,"minecraft:air":0,"minecraft:oak_boat":2,"minecraft:iron_chestplate":1,"minecraft:shield":2,"minecraft:stick":32,"minecraft:iron_ingot":64,"minecraft:iron_pickaxe":2,"minecraft:stone_sword":2,"minecraft:iron_shovel":2,"minecraft:iron_leggings":1,"minecraft:torch":8},"minecraft:broken":{"minecraft:iron_shovel":1,"minecraft:stone_pickaxe":1},"minecraft:picked_up":{"minecraft:fishing_rod":1,"minecraft:crafting_table":11,"minecraft:iron_chestplate":1,"minecraft:chicken":7,"minecraft:wooden_pickaxe":3,"minecraft:diamond_sword":1,"minecraft:enchanted_book":1,"minecraft:shield":1,"minecraft:string":44,"minecraft:raw_copper":18,"minecraft:iron_leggings":1,"minecraft:oak_sign":3,"minecraft:cobbled_deepslate":161,"minecraft:bucket":2,"minecraft:beef":12,"minecraft:oak_boat":4,"minecraft:iron_pickaxe":2,"minecraft:furnace":8,"minecraft:iron_boots":1,"minecraft:stick":12,"minecraft:raw_iron":157,"minecraft:oak_door":3,"minecraft:torch":15,"minecraft:porkchop":6,"minecraft:diorite":36,"minecraft:weeping_vines":3,"minecraft:rotten_flesh":8,"minecraft:stone_sword":3,"minecraft:arrow":18,"minecraft:golden_hoe":1,"minecraft:mutton":18,"minecraft:cod":1,"minecraft:white_wool":15,"minecraft:cobblestone":626,"minecraft:feather":12,"minecraft:cooked_beef":1,"minecraft:cherry_planks":5,"minecraft:crimson_stem":10,"minecraft:andesite":16,"minecraft:salmon":5,"minecraft:brown_wool":2,"minecraft:leather":9,"minecraft:golden_leggings":1,"minecraft:birch_planks":8,"minecraft:crimson_fungus":1,"minecraft:tuff":7,"minecraft:oak_log":49,"minecraft:nether_wart_block":1,"minecraft:lapis_lazuli":118,"minecraft:dirt":355,"minecraft:name_tag":1,"minecraft:cooked_mutton":5,"minecraft:bone":30,"minecraft:apple":2,"minecraft:wheat_seeds":13,"minecraft:raw_gold":26,"minecraft:cooked_chicken":2,"minecraft:stone_pickaxe":3,"minecraft:iron_ingot":8,"minecraft:oak_planks":34,"minecraft:gravel":2,"minecraft:diamond":14,"minecraft:stone_axe":1,"minecraft:iron_helmet":1,"minecraft:granite":77,"minecraft:gray_wool":1,"minecraft:bread":4,"minecraft:oak_sapling":9,"minecraft:coal":128},"minecraft:used":{"minecraft:stone_sword":57,"minecraft:iron_shovel":323,"minecraft:oak_sign":1,"minecraft:chest":2,"minecraft:shield":27,"minecraft:rotten_flesh":6,"minecraft:cooked_salmon":4,"minecraft:cooked_chicken":2,"minecraft:oak_door":1,"minecraft:torch":9,"minecraft:dirt":249,"minecraft:tuff":5,"minecraft:granite":6,"minecraft:lava_bucket":1,"minecraft:furnace":10,"minecraft:cobbled_deepslate":42,"minecraft:cooked_mutton":18,"minecraft:water_bucket":17,"minecraft:diorite":29,"minecraft:stone_pickaxe":383,"minecraft:wooden_pickaxe":35,"minecraft:crafting_table":12,"minecraft:bread":2,"minecraft:iron_pickaxe":202,"minecraft:stone_axe":73,"minecraft:diamond_sword":112,"minecraft:fishing_rod":2,"minecraft:cobblestone":39,"minecraft:andesite":5,"minecraft:bucket":19,"minecraft:oak_boat":3},"minecraft:dropped":{"minecraft:bread":4,"minecraft:feather":12,"minecraft:stick":4,"minecraft:dirt":13,"minecraft:cherry_planks":3,"minecraft:golden_hoe":1,"minecraft:rotten_flesh":1,"minecraft:cooked_mutton":2}},"DataVersion":3953}