{"stats":{"minecraft:crafted":{"minecraft:stone_shovel":1,"minecraft:crafting_table":1,"minecraft:birch_boat":2,"minecraft:stick":12,"minecraft:wooden_pickaxe":1,"minecraft:stone_pickaxe":1,"minecraft:stone_sword":1,"minecraft:bowl":4,"minecraft:furnace":1,"minecraft:cooked_salmon":6,"minecraft:birch_planks":64,"minecraft:stone_axe":1,"minecraft:cooked_rabbit":1,"minecraft:air":0},"minecraft:used":{"minecraft:stone_sword":20,"minecraft:stone_shovel":46,"minecraft:stone_pickaxe":32,"minecraft:birch_boat":2,"minecraft:wooden_pickaxe":10,"minecraft:cooked_salmon":6,"minecraft:stone_axe":77,"minecraft:dirt":25,"minecraft:crafting_table":3,"minecraft:furnace":1,"minecraft:cooked_rabbit":1},"minecraft:custom":{"minecraft:time_since_rest":44256,"minecraft:interact_with_furnace":15,"minecraft:sprint_one_cm":112330,"minecraft:damage_taken":363,"minecraft:walk_one_cm":105849,"minecraft:mob_kills":12,"minecraft:drop":5,"minecraft:damage_dealt":1069,"minecraft:swim_one_cm":12571,"minecraft:interact_with_crafting_table":13,"minecraft:fly_one_cm":53001,"minecraft:crouch_one_cm":79,"minecraft:play_time":44256,"minecraft:sneak_time":202,"minecraft:walk_under_water_one_cm":5291,"minecraft:boat_one_cm":18575,"minecraft:jump":357,"minecraft:leave_game":2,"minecraft:walk_on_water_one_cm":6041,"minecraft:time_since_death":44256,"minecraft:total_world_time":44256,"minecraft:fall_one_cm":5939},"minecraft:mined":{"minecraft:large_fern":1,"minecraft:furnace":1,"minecraft:birch_log":50,"minecraft:spruce_log":26,"minecraft:birch_leaves":2,"minecraft:crafting_table":3,"minecraft:granite":4,"minecraft:short_grass":5,"minecraft:grass_block":32,"minecraft:coal_ore":4,"minecraft:dirt":36,"minecraft:copper_ore":5,"minecraft:spruce_leaves":5,"minecraft:stone":27},"minecraft:picked_up":{"minecraft:birch_log":50,"minecraft:stick":3,"minecraft:crafting_table":3,"minecraft:cooked_porkchop":3,"minecraft:salmon":7,"minecraft:brown_mushroom":3,"minecraft:birch_planks":1,"minecraft:porkchop":4,"minecraft:spruce_sapling":12,"minecraft:grass_block":1,"minecraft:spruce_log":27,"minecraft:string":1,"minecraft:spider_eye":2,"minecraft:dirt":78,"minecraft:raw_copper":18,"minecraft:cooked_salmon":4,"minecraft:arrow":3,"minecraft:bone":3,"minecraft:spruce_planks":9,"minecraft:beef":1,"minecraft:granite":4,"minecraft:rabbit":1,"minecraft:coal":4,"minecraft:birch_sapling":1,"minecraft:cobblestone":31},"minecraft:killed":{"minecraft:pig":2,"minecraft:salmon":7,"minecraft:spider":2,"minecraft:cow":1},"minecraft:dropped":{"minecraft:cooked_salmon":5}},"DataVersion":3953}