{"stats":{"minecraft:crafted":{"minecraft:oak_planks":656,"minecraft:oak_sign":3,"minecraft:cooked_chicken":4,"minecraft:furnace":6,"minecraft:stone":228,"minecraft:bone_meal":9,"minecraft:cooked_mutton":21,"minecraft:iron_boots":1,"minecraft:iron_axe":1,"minecraft:stone_pickaxe":4,"minecraft:chest":6,"minecraft:cooked_beef":7,"minecraft:cooked_cod":1,"minecraft:crimson_planks":40,"minecraft:diamond_sword":1,"minecraft:cooked_porkchop":2,"minecraft:crafting_table":3,"minecraft:wooden_pickaxe":2,"minecraft:iron_helmet":1,"minecraft:cooked_salmon":5,"minecraft:stone_axe":3,"minecraft:air":0,"minecraft:oak_boat":2,"minecraft:iron_chestplate":1,"minecraft:shield":2,"minecraft:stick":36,"minecraft:stone_slab":6,"minecraft:iron_ingot":93,"minecraft:iron_pickaxe":2,"minecraft:oak_stairs":132,"minecraft:stone_sword":2,"minecraft:iron_shovel":2,"minecraft:iron_leggings":1,"minecraft:stonecutter":2,"minecraft:white_bed":2,"minecraft:torch":8},"minecraft:used":{"minecraft:stone_sword":57,"minecraft:iron_shovel":333,"minecraft:oak_sign":1,"minecraft:chest":11,"minecraft:shield":29,"minecraft:cooked_salmon":5,"minecraft:cooked_chicken":6,"minecraft:rotten_flesh":6,"minecraft:oak_door":8,"minecraft:torch":17,"minecraft:dirt":381,"minecraft:deepslate_tile_slab":4,"minecraft:tuff":41,"minecraft:granite":7,"minecraft:obsidian":9,"minecraft:lava_bucket":1,"minecraft:iron_axe":17,"minecraft:oak_stairs":133,"minecraft:furnace":16,"minecraft:oak_sapling":20,"minecraft:cooked_cod":1,"minecraft:cooked_beef":4,"minecraft:cobbled_deepslate":45,"minecraft:cooked_mutton":19,"minecraft:water_bucket":18,"minecraft:diorite":29,"minecraft:stone_pickaxe":383,"minecraft:oak_planks":563,"minecraft:wooden_pickaxe":35,"minecraft:stonecutter":3,"minecraft:deepslate_bricks":497,"minecraft:crafting_table":12,"minecraft:white_bed":3,"minecraft:bread":2,"minecraft:iron_pickaxe":711,"minecraft:gravel":8,"minecraft:stone_axe":250,"minecraft:diamond_sword":183,"minecraft:fishing_rod":4,"minecraft:cobblestone":69,"minecraft:cooked_porkchop":7,"minecraft:bucket":20,"minecraft:andesite":5,"minecraft:oak_boat":3,"minecraft:bone_meal":2},"minecraft:picked_up":{"minecraft:fishing_rod":1,"minecraft:crafting_table":11,"minecraft:iron_chestplate":1,"minecraft:chicken":7,"minecraft:wooden_pickaxe":6,"minecraft:diamond_sword":1,"minecraft:oak_stairs":1,"minecraft:enchanted_book":4,"minecraft:shield":1,"minecraft:string":116,"minecraft:raw_copper":28,"minecraft:iron_leggings":1,"minecraft:oak_sign":16,"minecraft:deepslate_tiles":1,"minecraft:cobbled_deepslate":1288,"minecraft:bucket":2,"minecraft:beef":15,"minecraft:oak_boat":7,"minecraft:iron_pickaxe":4,"minecraft:chest":5,"minecraft:furnace":14,"minecraft:iron_boots":1,"minecraft:stick":46,"minecraft:raw_iron":157,"minecraft:stone":2,"minecraft:oak_door":13,"minecraft:torch":38,"minecraft:porkchop":6,"minecraft:diorite":36,"minecraft:redstone":10,"minecraft:rotten_flesh":17,"minecraft:arrow":50,"minecraft:stone_sword":4,"minecraft:weeping_vines":6,"minecraft:golden_hoe":2,"minecraft:deepslate_bricks":826,"minecraft:obsidian":10,"minecraft:mutton":18,"minecraft:cod":3,"minecraft:white_wool":15,"minecraft:cobblestone":661,"minecraft:feather":12,"minecraft:cooked_beef":1,"minecraft:water_bucket":1,"minecraft:cherry_planks":5,"minecraft:andesite":16,"minecraft:crimson_stem":10,"minecraft:salmon":7,"minecraft:brown_wool":4,"minecraft:leather":25,"minecraft:golden_leggings":2,"minecraft:birch_planks":8,"minecraft:flint":4,"minecraft:crimson_fungus":2,"minecraft:tuff":53,"minecraft:oak_log":164,"minecraft:nether_wart_block":2,"minecraft:deepslate_tile_slab":4,"minecraft:lapis_lazuli":304,"minecraft:dirt":449,"minecraft:name_tag":4,"minecraft:cooked_mutton":5,"minecraft:bone":55,"minecraft:apple":13,"minecraft:stonecutter":1,"minecraft:wheat_seeds":23,"minecraft:raw_gold":81,"minecraft:stone_pickaxe":5,"minecraft:iron_ingot":82,"minecraft:cooked_chicken":2,"minecraft:oak_planks":274,"minecraft:cooked_porkchop":5,"minecraft:dandelion":2,"minecraft:gravel":74,"minecraft:white_bed":1,"minecraft:spider_eye":1,"minecraft:diamond":41,"minecraft:stone_axe":2,"minecraft:iron_helmet":1,"minecraft:granite":128,"minecraft:bone_meal":7,"minecraft:gray_wool":2,"minecraft:bread":4,"minecraft:oak_sapling":55,"minecraft:coal":128},"minecraft:dropped":{"minecraft:bread":4,"minecraft:wheat_seeds":16,"minecraft:feather":12,"minecraft:stick":4,"minecraft:dirt":39,"minecraft:cherry_planks":3,"minecraft:golden_hoe":1,"minecraft:dandelion":1,"minecraft:oak_door":2,"minecraft:obsidian":1,"minecraft:rotten_flesh":7,"minecraft:cooked_mutton":2,"minecraft:andesite":3,"minecraft:arrow":6},"minecraft:custom":{"minecraft:mob_kills":81,"minecraft:interact_with_crafting_table":54,"minecraft:leave_game":4,"minecraft:time_since_death":239578,"minecraft:sprint_one_cm":1133690,"minecraft:walk_one_cm":848251,"minecraft:damage_blocked_by_shield":729,"minecraft:drop":23,"minecraft:play_time":343099,"minecraft:deaths":3,"minecraft:sneak_time":8295,"minecraft:walk_under_water_one_cm":26690,"minecraft:boat_one_cm":203096,"minecraft:jump":4569,"minecraft:walk_on_water_one_cm":35321,"minecraft:total_world_time":343099,"minecraft:interact_with_furnace":124,"minecraft:interact_with_stonecutter":14,"minecraft:sleep_in_bed":3,"minecraft:time_since_rest":20582,"minecraft:damage_taken":2229,"minecraft:damage_dealt":13186,"minecraft:swim_one_cm":16528,"minecraft:fly_one_cm":870484,"minecraft:open_chest":123,"minecraft:crouch_one_cm":19386,"minecraft:fish_caught":4,"minecraft:fall_one_cm":92794},"minecraft:killed_by":{"minecraft:skeleton":1,"minecraft:zombie":1},"minecraft:broken":{"minecraft:iron_shovel":1,"minecraft:stone_pickaxe":1,"minecraft:stone_axe":2,"minecraft:iron_pickaxe":2},"minecraft:mined":{"minecraft:deepslate_tiles":1,"minecraft:tuff":52,"minecraft:deepslate_diamond_ore":8,"minecraft:oak_door":8,"minecraft:sculk_vein":1,"minecraft:glow_lichen":1,"minecraft:granite":52,"minecraft:grass_block":199,"minecraft:deepslate_bricks":25,"minecraft:crimson_fungus":1,"minecraft:oak_wall_sign":9,"minecraft:crimson_stem":7,"minecraft:spawner":2,"minecraft:furnace":10,"minecraft:cobbled_deepslate":6,"minecraft:iron_ore":63,"minecraft:fire":5,"minecraft:andesite":16,"minecraft:deepslate_lapis_ore":10,"minecraft:oak_sign":2,"minecraft:deepslate_iron_ore":26,"minecraft:dirt_path":1,"minecraft:oak_stairs":1,"minecraft:stone":269,"minecraft:deepslate_redstone_ore":1,"minecraft:deepslate_tile_slab":4,"minecraft:dandelion":2,"minecraft:cornflower":1,"minecraft:crafting_table":9,"minecraft:torch":3,"minecraft:short_grass":37,"minecraft:chest":5,"minecraft:cobblestone":18,"minecraft:copper_ore":5,"minecraft:tall_grass":10,"minecraft:deepslate_gold_ore":20,"minecraft:oak_planks":45,"minecraft:sculk":22,"minecraft:diorite":36,"minecraft:wall_torch":10,"minecraft:nether_wart_block":1,"minecraft:coal_ore":52,"minecraft:oak_log":161,"minecraft:gravel":44,"minecraft:dirt":168,"minecraft:cobweb":23,"minecraft:stonecutter":1,"minecraft:oak_leaves":54,"minecraft:deepslate":434},"minecraft:killed":{"minecraft:cave_spider":1,"minecraft:spider":6,"minecraft:skeleton":13,"minecraft:chicken":4,"minecraft:drowned":2,"minecraft:piglin":1,"minecraft:pig":1,"minecraft:salmon":5,"minecraft:creeper":3,"minecraft:sheep":11,"minecraft:zombie":26,"minecraft:cow":5}},"DataVersion":3953}