{"stats":{"minecraft:used":{"minecraft:stone_sword":98,"minecraft:stone_shovel":412,"minecraft:chest":5,"minecraft:shield":6,"minecraft:iron_sword":35,"minecraft:cooked_salmon":6,"minecraft:torch":1,"minecraft:dirt":366,"minecraft:jungle_planks":1,"minecraft:birch_door":8,"minecraft:dark_oak_planks":432,"minecraft:lava_bucket":1,"minecraft:bow":1,"minecraft:beef":8,"minecraft:oak_sapling":44,"minecraft:furnace":3,"minecraft:cooked_cod":1,"minecraft:cooked_beef":8,"minecraft:cobbled_deepslate":4,"minecraft:dark_oak_sapling":20,"minecraft:cooked_mutton":13,"minecraft:diorite":4,"minecraft:stone_pickaxe":238,"minecraft:oak_planks":609,"minecraft:wooden_pickaxe":20,"minecraft:birch_boat":2,"minecraft:sugar_cane":6,"minecraft:jungle_boat":1,"minecraft:sand":5,"minecraft:crafting_table":8,"minecraft:white_bed":3,"minecraft:painting":5,"minecraft:diamond_pickaxe":29,"minecraft:iron_pickaxe":33,"minecraft:stone_axe":469,"minecraft:diamond_sword":5,"minecraft:cobblestone":44,"minecraft:cooked_porkchop":3,"minecraft:jungle_door":7,"minecraft:cooked_rabbit":1,"minecraft:bucket":2,"minecraft:oak_boat":2},"minecraft:dropped":{"minecraft:water_bucket":1,"minecraft:iron_ingot":14,"minecraft:iron_sword":2,"minecraft:moss_block":7,"minecraft:dark_oak_stairs":1,"minecraft:porkchop":29,"minecraft:wheat_seeds":13,"minecraft:diamond_axe":1,"minecraft:diamond_leggings":1,"minecraft:cobblestone":74,"minecraft:leather":5,"minecraft:apple":1,"minecraft:granite":39,"minecraft:grass_block":1,"minecraft:coal":2,"minecraft:dirt":96,"minecraft:diorite":2,"minecraft:mutton":14,"minecraft:cooked_salmon":5,"minecraft:diamond_helmet":1,"minecraft:jungle_sapling":1,"minecraft:sand":131,"minecraft:string":2,"minecraft:birch_log":30,"minecraft:white_wool":12,"minecraft:oak_door":1,"minecraft:moss_carpet":8,"minecraft:stone_axe":4,"minecraft:sugar_cane":10,"minecraft:bowl":4,"minecraft:stripped_dark_oak_log":1,"minecraft:oak_planks":6,"minecraft:diamond_shovel":1,"minecraft:cooked_mutton":26,"minecraft:diamond_sword":1,"minecraft:diamond_chestplate":1,"minecraft:diamond_pickaxe":1,"minecraft:jungle_log":4,"minecraft:spider_eye":2,"minecraft:diamond_boots":1,"minecraft:beef":10,"minecraft:arrow":2,"minecraft:stone_pickaxe":1,"minecraft:wooden_pickaxe":2},"minecraft:custom":{"minecraft:mob_kills":51,"minecraft:interact_with_crafting_table":53,"minecraft:leave_game":6,"minecraft:time_since_death":28960,"minecraft:climb_one_cm":1334,"minecraft:sprint_one_cm":786810,"minecraft:walk_one_cm":576361,"minecraft:damage_blocked_by_shield":175,"minecraft:drop":74,"minecraft:talked_to_villager":1,"minecraft:play_time":260276,"minecraft:deaths":4,"minecraft:sneak_time":4325,"minecraft:walk_under_water_one_cm":47966,"minecraft:boat_one_cm":189094,"minecraft:jump":3555,"minecraft:walk_on_water_one_cm":32499,"minecraft:total_world_time":260276,"minecraft:interact_with_furnace":71,"minecraft:sleep_in_bed":11,"minecraft:time_since_rest":28989,"minecraft:damage_taken":2460,"minecraft:damage_dealt":6760,"minecraft:swim_one_cm":157747,"minecraft:fly_one_cm":861310,"minecraft:open_chest":94,"minecraft:crouch_one_cm":7948,"minecraft:fall_one_cm":65145},"minecraft:killed":{"minecraft:spider":3,"minecraft:skeleton":5,"minecraft:chicken":5,"minecraft:drowned":1,"minecraft:pig":5,"minecraft:salmon":7,"minecraft:creeper":1,"minecraft:sheep":6,"minecraft:zombie":4,"minecraft:cow":13},"minecraft:killed_by":{"minecraft:player":2,"minecraft:skeleton":1,"minecraft:zombie":1},"minecraft:mined":{"minecraft:dark_oak_planks":15,"minecraft:tuff":1,"minecraft:white_bed":2,"minecraft:dark_oak_leaves":2,"minecraft:deepslate_diamond_ore":13,"minecraft:oak_door":3,"minecraft:dark_oak_log":111,"minecraft:jungle_leaves":7,"minecraft:granite":31,"minecraft:grass_block":205,"minecraft:jungle_planks":1,"minecraft:jungle_log":20,"minecraft:spruce_leaves":5,"minecraft:moss_block":7,"minecraft:large_fern":1,"minecraft:furnace":2,"minecraft:andesite":7,"minecraft:moss_carpet":2,"minecraft:pumpkin":2,"minecraft:dark_oak_stairs":3,"minecraft:deepslate_iron_ore":40,"minecraft:vine":5,"minecraft:azalea":1,"minecraft:stone":120,"minecraft:oak_slab":1,"minecraft:jungle_door":6,"minecraft:stripped_dark_oak_log":1,"minecraft:spruce_door":1,"minecraft:clay":2,"minecraft:crafting_table":6,"minecraft:short_grass":66,"minecraft:chest":1,"minecraft:tall_grass":2,"minecraft:cobblestone":10,"minecraft:copper_ore":5,"minecraft:sugar_cane":3,"minecraft:deepslate_gold_ore":6,"minecraft:oak_planks":61,"minecraft:diorite":13,"minecraft:birch_planks":7,"minecraft:birch_log":68,"minecraft:spruce_log":26,"minecraft:birch_leaves":2,"minecraft:birch_door":2,"minecraft:oak_log":123,"minecraft:coal_ore":20,"minecraft:cocoa":1,"minecraft:dark_oak_sapling":4,"minecraft:dirt":107,"minecraft:sand":169,"minecraft:deepslate":44,"minecraft:oak_leaves":51,"minecraft:fern":22},"minecraft:picked_up":{"minecraft:cocoa_beans":6,"minecraft:crafting_table":7,"minecraft:birch_door":4,"minecraft:chicken":3,"minecraft:brown_mushroom":3,"minecraft:diamond_sword":1,"minecraft:wooden_pickaxe":2,"minecraft:shield":1,"minecraft:string":6,"minecraft:moss_carpet":12,"minecraft:raw_copper":18,"minecraft:cooked_salmon":4,"minecraft:diamond_leggings":1,"minecraft:cobbled_deepslate":63,"minecraft:spruce_planks":9,"minecraft:beef":54,"minecraft:oak_boat":1,"minecraft:azalea":2,"minecraft:jungle_sapling":2,"minecraft:iron_nugget":2,"minecraft:sugar_cane":16,"minecraft:chest":1,"minecraft:birch_sapling":1,"minecraft:furnace":1,"minecraft:dark_oak_sapling":31,"minecraft:raw_iron":49,"minecraft:stick":30,"minecraft:jungle_door":9,"minecraft:oak_door":2,"minecraft:porkchop":38,"minecraft:diorite":13,"minecraft:dark_oak_planks":367,"minecraft:arrow":20,"minecraft:diamond_chestplate":1,"minecraft:rotten_flesh":9,"minecraft:diamond_boots":1,"minecraft:mutton":21,"minecraft:white_wool":18,"minecraft:cobblestone":214,"minecraft:birch_log":103,"minecraft:leather_chestplate":1,"minecraft:feather":4,"minecraft:andesite":7,"minecraft:jungle_log":27,"minecraft:water_bucket":1,"minecraft:salmon":7,"minecraft:leather":20,"minecraft:birch_planks":8,"minecraft:tuff":2,"minecraft:oak_log":121,"minecraft:gunpowder":2,"minecraft:lapis_lazuli":11,"minecraft:paper":7,"minecraft:dirt":419,"minecraft:cooked_mutton":26,"minecraft:bone":9,"minecraft:apple":4,"minecraft:bow":1,"minecraft:wheat_seeds":26,"minecraft:raw_gold":12,"minecraft:stone_pickaxe":2,"minecraft:iron_ingot":15,"minecraft:rabbit":1,"minecraft:diamond_helmet":1,"minecraft:moss_block":14,"minecraft:oak_planks":150,"minecraft:iron_sword":3,"minecraft:dark_oak_stairs":2,"minecraft:oak_slab":2,"minecraft:cooked_porkchop":3,"minecraft:pumpkin":5,"minecraft:jungle_planks":9,"minecraft:sand":299,"minecraft:ink_sac":2,"minecraft:spruce_sapling":12,"minecraft:grass_block":1,"minecraft:white_bed":3,"minecraft:spruce_log":27,"minecraft:dark_oak_log":386,"minecraft:spider_eye":2,"minecraft:spruce_door":2,"minecraft:diamond_shovel":1,"minecraft:diamond":22,"minecraft:stone_axe":5,"minecraft:iron_helmet":1,"minecraft:painting":7,"minecraft:granite":74,"minecraft:diamond_axe":1,"minecraft:oak_sapling":44,"minecraft:stripped_dark_oak_log":1,"minecraft:coal":31,"minecraft:diamond_pickaxe":1},"minecraft:crafted":{"minecraft:oak_planks":484,"minecraft:stone_shovel":3,"minecraft:birch_boat":2,"minecraft:furnace":2,"minecraft:cooked_mutton":19,"minecraft:iron_boots":1,"minecraft:stone_pickaxe":2,"minecraft:chest":4,"minecraft:birch_door":6,"minecraft:dark_oak_planks":408,"minecraft:cooked_rabbit":1,"minecraft:cooked_beef":13,"minecraft:cooked_cod":1,"minecraft:diamond_sword":1,"minecraft:crafting_table":3,"minecraft:jungle_boat":1,"minecraft:wooden_pickaxe":2,"minecraft:iron_helmet":1,"minecraft:iron_sword":1,"minecraft:bowl":4,"minecraft:cooked_salmon":6,"minecraft:bucket":1,"minecraft:birch_planks":96,"minecraft:stone_axe":7,"minecraft:air":0,"minecraft:jungle_planks":76,"minecraft:oak_boat":1,"minecraft:diamond_pickaxe":1,"minecraft:shield":1,"minecraft:stick":28,"minecraft:iron_ingot":40,"minecraft:iron_pickaxe":1,"minecraft:stone_sword":1,"minecraft:iron_leggings":1,"minecraft:torch":4},"minecraft:broken":{"minecraft:stone_pickaxe":1,"minecraft:stone_axe":3,"minecraft:stone_shovel":3}},"DataVersion":3953}