{"stats":{"minecraft:custom":{"minecraft:interact_with_furnace":39,"minecraft:mob_kills":34,"minecraft:interact_with_crafting_table":26,"minecraft:leave_game":1,"minecraft:time_since_death":39254,"minecraft:time_since_rest":39300,"minecraft:sprint_one_cm":203254,"minecraft:damage_taken":1063,"minecraft:walk_one_cm":149819,"minecraft:damage_blocked_by_shield":444,"minecraft:drop":2,"minecraft:damage_dealt":4224,"minecraft:swim_one_cm":2916,"minecraft:fly_one_cm":240895,"minecraft:open_chest":3,"minecraft:crouch_one_cm":2948,"minecraft:play_time":76119,"minecraft:deaths":2,"minecraft:sneak_time":1911,"minecraft:walk_under_water_one_cm":6633,"minecraft:jump":1181,"minecraft:walk_on_water_one_cm":2907,"minecraft:total_world_time":76119,"minecraft:fall_one_cm":31529},"minecraft:mined":{"minecraft:tuff":5,"minecraft:deepslate_diamond_ore":1,"minecraft:crafting_table":8,"minecraft:glow_lichen":1,"minecraft:granite":22,"minecraft:short_grass":20,"minecraft:grass_block":2,"minecraft:copper_ore":2,"minecraft:cobblestone":3,"minecraft:tall_grass":8,"minecraft:diorite":30,"minecraft:furnace":4,"minecraft:iron_ore":47,"minecraft:cobbled_deepslate":4,"minecraft:andesite":13,"minecraft:coal_ore":49,"minecraft:oak_log":19,"minecraft:deepslate_iron_ore":14,"minecraft:gravel":2,"minecraft:dirt":12,"minecraft:stone":143,"minecraft:oak_leaves":5,"minecraft:deepslate":36},"minecraft:killed_by":{"minecraft:skeleton":1},"minecraft:killed":{"minecraft:pig":1,"minecraft:salmon":5,"minecraft:spider":1,"minecraft:sheep":7,"minecraft:skeleton":5,"minecraft:zombie":7,"minecraft:chicken":3,"minecraft:cow":3},"minecraft:crafted":{"minecraft:oak_planks":76,"minecraft:diamond_sword":1,"minecraft:crafting_table":3,"minecraft:iron_helmet":1,"minecraft:wooden_pickaxe":2,"minecraft:furnace":2,"minecraft:cooked_salmon":4,"minecraft:stone_axe":2,"minecraft:cooked_mutton":6,"minecraft:air":0,"minecraft:oak_boat":1,"minecraft:iron_chestplate":1,"minecraft:shield":2,"minecraft:stick":20,"minecraft:iron_ingot":25,"minecraft:iron_pickaxe":2,"minecraft:stone_pickaxe":4,"minecraft:stone_sword":2},"minecraft:picked_up":{"minecraft:crafting_table":9,"minecraft:feather":6,"minecraft:chicken":3,"minecraft:cherry_planks":5,"minecraft:salmon":4,"minecraft:andesite":13,"minecraft:leather":4,"minecraft:brown_wool":1,"minecraft:wooden_pickaxe":2,"minecraft:birch_planks":8,"minecraft:tuff":6,"minecraft:oak_log":19,"minecraft:dirt":15,"minecraft:raw_copper":8,"minecraft:bone":21,"minecraft:apple":1,"minecraft:wheat_seeds":6,"minecraft:cobbled_deepslate":45,"minecraft:beef":6,"minecraft:iron_ingot":3,"minecraft:stone_pickaxe":2,"minecraft:cooked_chicken":2,"minecraft:oak_boat":1,"minecraft:iron_pickaxe":1,"minecraft:furnace":6,"minecraft:raw_iron":107,"minecraft:stick":7,"minecraft:gravel":2,"minecraft:porkchop":3,"minecraft:diorite":30,"minecraft:stone_sword":2,"minecraft:arrow":10,"minecraft:rotten_flesh":7,"minecraft:diamond":4,"minecraft:granite":24,"minecraft:oak_sapling":7,"minecraft:mutton":11,"minecraft:coal":69,"minecraft:white_wool":7,"minecraft:cobblestone":198},"minecraft:broken":{"minecraft:stone_pickaxe":1},"minecraft:dropped":{"minecraft:cooked_mutton":1,"minecraft:cherry_planks":3},"minecraft:used":{"minecraft:cooked_mutton":5,"minecraft:diorite":29,"minecraft:stone_sword":57,"minecraft:stone_pickaxe":350,"minecraft:wooden_pickaxe":35,"minecraft:shield":18,"minecraft:cooked_salmon":4,"minecraft:rotten_flesh":6,"minecraft:dirt":1,"minecraft:crafting_table":11,"minecraft:tuff":5,"minecraft:granite":6,"minecraft:iron_pickaxe":2,"minecraft:stone_axe":32,"minecraft:diamond_sword":8,"minecraft:cobblestone":8,"minecraft:furnace":5,"minecraft:andesite":5,"minecraft:cobbled_deepslate":40}},"DataVersion":3953}