{"stats":{"minecraft:custom":{"minecraft:interact_with_furnace":53,"minecraft:mob_kills":45,"minecraft:interact_with_crafting_table":33,"minecraft:leave_game":1,"minecraft:time_since_death":8598,"minecraft:time_since_rest":8650,"minecraft:sprint_one_cm":367760,"minecraft:damage_taken":1731,"minecraft:walk_one_cm":242511,"minecraft:damage_blocked_by_shield":534,"minecraft:drop":6,"minecraft:damage_dealt":6671,"minecraft:swim_one_cm":12327,"minecraft:fly_one_cm":322759,"minecraft:open_chest":3,"minecraft:crouch_one_cm":3495,"minecraft:play_time":112119,"minecraft:deaths":3,"minecraft:sneak_time":2204,"minecraft:walk_under_water_one_cm":23584,"minecraft:jump":1769,"minecraft:walk_on_water_one_cm":28502,"minecraft:total_world_time":112119,"minecraft:fall_one_cm":46314},"minecraft:mined":{"minecraft:tuff":12,"minecraft:deepslate_diamond_ore":6,"minecraft:crafting_table":9,"minecraft:glow_lichen":1,"minecraft:granite":30,"minecraft:short_grass":20,"minecraft:grass_block":3,"minecraft:copper_ore":2,"minecraft:cobblestone":3,"minecraft:tall_grass":8,"minecraft:deepslate_gold_ore":12,"minecraft:diorite":30,"minecraft:wall_torch":1,"minecraft:spawner":2,"minecraft:furnace":5,"minecraft:iron_ore":63,"minecraft:cobbled_deepslate":4,"minecraft:andesite":13,"minecraft:deepslate_lapis_ore":10,"minecraft:coal_ore":52,"minecraft:oak_log":19,"minecraft:deepslate_iron_ore":26,"minecraft:gravel":2,"minecraft:dirt":18,"minecraft:cobweb":23,"minecraft:stone":172,"minecraft:oak_leaves":5,"minecraft:deepslate":54},"minecraft:killed_by":{"minecraft:skeleton":1,"minecraft:zombie":1},"minecraft:killed":{"minecraft:cave_spider":1,"minecraft:pig":1,"minecraft:salmon":5,"minecraft:spider":2,"minecraft:creeper":1,"minecraft:sheep":7,"minecraft:skeleton":7,"minecraft:zombie":13,"minecraft:chicken":3,"minecraft:cow":3},"minecraft:crafted":{"minecraft:cooked_beef":3,"minecraft:oak_planks":76,"minecraft:diamond_sword":1,"minecraft:crafting_table":3,"minecraft:iron_helmet":1,"minecraft:wooden_pickaxe":2,"minecraft:furnace":2,"minecraft:cooked_salmon":4,"minecraft:stone_axe":2,"minecraft:cooked_mutton":14,"minecraft:air":0,"minecraft:oak_boat":1,"minecraft:iron_boots":1,"minecraft:iron_chestplate":1,"minecraft:shield":2,"minecraft:stick":24,"minecraft:iron_ingot":40,"minecraft:iron_pickaxe":2,"minecraft:stone_pickaxe":4,"minecraft:stone_sword":2,"minecraft:iron_leggings":1,"minecraft:torch":8},"minecraft:picked_up":{"minecraft:iron_chestplate":1,"minecraft:crafting_table":11,"minecraft:cooked_beef":1,"minecraft:feather":12,"minecraft:chicken":6,"minecraft:cherry_planks":5,"minecraft:salmon":4,"minecraft:andesite":13,"minecraft:leather":8,"minecraft:brown_wool":2,"minecraft:diamond_sword":1,"minecraft:wooden_pickaxe":3,"minecraft:birch_planks":8,"minecraft:enchanted_book":1,"minecraft:tuff":6,"minecraft:oak_log":19,"minecraft:shield":1,"minecraft:string":44,"minecraft:lapis_lazuli":118,"minecraft:dirt":15,"minecraft:raw_copper":8,"minecraft:name_tag":1,"minecraft:iron_leggings":1,"minecraft:cooked_mutton":5,"minecraft:bone":27,"minecraft:apple":2,"minecraft:wheat_seeds":6,"minecraft:bucket":2,"minecraft:cobbled_deepslate":97,"minecraft:raw_gold":26,"minecraft:beef":10,"minecraft:iron_ingot":8,"minecraft:stone_pickaxe":3,"minecraft:cooked_chicken":2,"minecraft:oak_boat":1,"minecraft:iron_pickaxe":2,"minecraft:oak_planks":33,"minecraft:iron_boots":1,"minecraft:furnace":8,"minecraft:raw_iron":157,"minecraft:stick":7,"minecraft:oak_door":3,"minecraft:torch":15,"minecraft:gravel":2,"minecraft:porkchop":6,"minecraft:diorite":30,"minecraft:stone_sword":3,"minecraft:arrow":16,"minecraft:rotten_flesh":8,"minecraft:diamond":14,"minecraft:stone_axe":1,"minecraft:iron_helmet":1,"minecraft:granite":56,"minecraft:bread":4,"minecraft:oak_sapling":7,"minecraft:mutton":11,"minecraft:coal":128,"minecraft:white_wool":12,"minecraft:cobblestone":299},"minecraft:broken":{"minecraft:stone_pickaxe":1},"minecraft:dropped":{"minecraft:feather":12,"minecraft:cooked_mutton":1,"minecraft:stick":4,"minecraft:dirt":13,"minecraft:cherry_planks":3},"minecraft:used":{"minecraft:cooked_mutton":10,"minecraft:water_bucket":17,"minecraft:diorite":29,"minecraft:stone_sword":57,"minecraft:stone_pickaxe":383,"minecraft:wooden_pickaxe":35,"minecraft:shield":22,"minecraft:cooked_chicken":2,"minecraft:cooked_salmon":4,"minecraft:rotten_flesh":6,"minecraft:oak_door":1,"minecraft:torch":9,"minecraft:dirt":1,"minecraft:crafting_table":12,"minecraft:tuff":5,"minecraft:granite":6,"minecraft:lava_bucket":1,"minecraft:bread":2,"minecraft:iron_pickaxe":92,"minecraft:stone_axe":33,"minecraft:diamond_sword":76,"minecraft:cobblestone":37,"minecraft:furnace":5,"minecraft:bucket":18,"minecraft:andesite":5,"minecraft:cobbled_deepslate":42}},"DataVersion":3953}