{"stats":{"minecraft:broken":{"minecraft:iron_shovel":1,"minecraft:stone_pickaxe":1,"minecraft:iron_pickaxe":2},"minecraft:crafted":{"minecraft:oak_planks":304,"minecraft:oak_sign":3,"minecraft:cooked_chicken":4,"minecraft:furnace":6,"minecraft:stone":228,"minecraft:bone_meal":9,"minecraft:cooked_mutton":21,"minecraft:iron_boots":1,"minecraft:stone_pickaxe":4,"minecraft:chest":6,"minecraft:cooked_beef":7,"minecraft:cooked_cod":1,"minecraft:crimson_planks":40,"minecraft:diamond_sword":1,"minecraft:cooked_porkchop":2,"minecraft:crafting_table":3,"minecraft:wooden_pickaxe":2,"minecraft:iron_helmet":1,"minecraft:cooked_salmon":5,"minecraft:stone_axe":3,"minecraft:air":0,"minecraft:oak_boat":2,"minecraft:iron_chestplate":1,"minecraft:shield":2,"minecraft:stick":32,"minecraft:stone_slab":6,"minecraft:iron_ingot":93,"minecraft:iron_pickaxe":2,"minecraft:oak_stairs":132,"minecraft:stone_sword":2,"minecraft:iron_shovel":2,"minecraft:iron_leggings":1,"minecraft:stonecutter":2,"minecraft:white_bed":1,"minecraft:torch":8},"minecraft:killed_by":{"minecraft:skeleton":1,"minecraft:zombie":1},"minecraft:killed":{"minecraft:cave_spider":1,"minecraft:spider":5,"minecraft:skeleton":13,"minecraft:chicken":4,"minecraft:drowned":2,"minecraft:piglin":1,"minecraft:pig":1,"minecraft:salmon":5,"minecraft:creeper":2,"minecraft:sheep":11,"minecraft:zombie":23,"minecraft:cow":4},"minecraft:mined":{"minecraft:tuff":52,"minecraft:deepslate_diamond_ore":8,"minecraft:oak_door":1,"minecraft:sculk_vein":1,"minecraft:glow_lichen":1,"minecraft:granite":51,"minecraft:grass_block":197,"minecraft:deepslate_bricks":3,"minecraft:crimson_fungus":1,"minecraft:oak_wall_sign":7,"minecraft:crimson_stem":7,"minecraft:spawner":2,"minecraft:furnace":5,"minecraft:cobbled_deepslate":6,"minecraft:iron_ore":63,"minecraft:fire":5,"minecraft:andesite":16,"minecraft:deepslate_lapis_ore":10,"minecraft:dirt_path":1,"minecraft:oak_sign":2,"minecraft:deepslate_iron_ore":26,"minecraft:oak_stairs":1,"minecraft:stone":269,"minecraft:deepslate_redstone_ore":1,"minecraft:crafting_table":9,"minecraft:short_grass":34,"minecraft:chest":2,"minecraft:cobblestone":4,"minecraft:tall_grass":8,"minecraft:copper_ore":5,"minecraft:deepslate_gold_ore":20,"minecraft:oak_planks":2,"minecraft:sculk":22,"minecraft:diorite":36,"minecraft:wall_torch":8,"minecraft:nether_wart_block":1,"minecraft:oak_log":72,"minecraft:coal_ore":52,"minecraft:gravel":44,"minecraft:dirt":158,"minecraft:cobweb":23,"minecraft:oak_leaves":20,"minecraft:deepslate":434},"minecraft:used":{"minecraft:stone_sword":57,"minecraft:iron_shovel":333,"minecraft:oak_sign":1,"minecraft:chest":8,"minecraft:shield":29,"minecraft:cooked_salmon":5,"minecraft:cooked_chicken":6,"minecraft:rotten_flesh":6,"minecraft:oak_door":1,"minecraft:torch":15,"minecraft:dirt":346,"minecraft:tuff":41,"minecraft:granite":6,"minecraft:obsidian":9,"minecraft:lava_bucket":1,"minecraft:oak_stairs":133,"minecraft:cooked_cod":1,"minecraft:oak_sapling":20,"minecraft:furnace":10,"minecraft:cooked_beef":4,"minecraft:cobbled_deepslate":45,"minecraft:cooked_mutton":19,"minecraft:water_bucket":18,"minecraft:diorite":29,"minecraft:stone_pickaxe":383,"minecraft:wooden_pickaxe":35,"minecraft:stonecutter":2,"minecraft:deepslate_bricks":185,"minecraft:crafting_table":12,"minecraft:white_bed":2,"minecraft:bread":2,"minecraft:iron_pickaxe":663,"minecraft:gravel":8,"minecraft:stone_axe":119,"minecraft:diamond_sword":159,"minecraft:fishing_rod":4,"minecraft:cobblestone":41,"minecraft:cooked_porkchop":2,"minecraft:bucket":20,"minecraft:andesite":5,"minecraft:oak_boat":3,"minecraft:bone_meal":2},"minecraft:dropped":{"minecraft:bread":4,"minecraft:wheat_seeds":16,"minecraft:feather":12,"minecraft:stick":4,"minecraft:dirt":39,"minecraft:cherry_planks":3,"minecraft:golden_hoe":1,"minecraft:oak_door":2,"minecraft:obsidian":1,"minecraft:rotten_flesh":7,"minecraft:cooked_mutton":2,"minecraft:andesite":3,"minecraft:arrow":6},"minecraft:picked_up":{"minecraft:fishing_rod":1,"minecraft:iron_chestplate":1,"minecraft:crafting_table":11,"minecraft:chicken":7,"minecraft:wooden_pickaxe":4,"minecraft:diamond_sword":1,"minecraft:oak_stairs":1,"minecraft:enchanted_book":2,"minecraft:shield":1,"minecraft:string":68,"minecraft:raw_copper":18,"minecraft:iron_leggings":1,"minecraft:oak_sign":11,"minecraft:cobbled_deepslate":540,"minecraft:bucket":2,"minecraft:beef":12,"minecraft:oak_boat":5,"minecraft:iron_pickaxe":4,"minecraft:chest":2,"minecraft:furnace":8,"minecraft:iron_boots":1,"minecraft:stick":24,"minecraft:raw_iron":157,"minecraft:oak_door":6,"minecraft:torch":33,"minecraft:porkchop":6,"minecraft:diorite":36,"minecraft:redstone":5,"minecraft:arrow":36,"minecraft:stone_sword":4,"minecraft:weeping_vines":3,"minecraft:rotten_flesh":14,"minecraft:golden_hoe":2,"minecraft:deepslate_bricks":505,"minecraft:obsidian":10,"minecraft:mutton":18,"minecraft:cod":3,"minecraft:white_wool":15,"minecraft:cobblestone":647,"minecraft:feather":12,"minecraft:cooked_beef":1,"minecraft:cherry_planks":5,"minecraft:andesite":16,"minecraft:crimson_stem":10,"minecraft:salmon":7,"minecraft:brown_wool":3,"minecraft:leather":14,"minecraft:golden_leggings":1,"minecraft:birch_planks":8,"minecraft:flint":2,"minecraft:crimson_fungus":1,"minecraft:tuff":48,"minecraft:oak_log":76,"minecraft:nether_wart_block":1,"minecraft:lapis_lazuli":180,"minecraft:dirt":438,"minecraft:name_tag":2,"minecraft:cooked_mutton":5,"minecraft:bone":40,"minecraft:apple":5,"minecraft:wheat_seeds":23,"minecraft:raw_gold":47,"minecraft:stone_pickaxe":4,"minecraft:iron_ingot":33,"minecraft:cooked_chicken":2,"minecraft:oak_planks":37,"minecraft:gravel":42,"minecraft:white_bed":1,"minecraft:diamond":21,"minecraft:stone_axe":2,"minecraft:iron_helmet":1,"minecraft:granite":102,"minecraft:gray_wool":1,"minecraft:bread":4,"minecraft:oak_sapling":30,"minecraft:coal":128},"minecraft:custom":{"minecraft:mob_kills":74,"minecraft:interact_with_crafting_table":52,"minecraft:leave_game":3,"minecraft:time_since_death":167971,"minecraft:sprint_one_cm":968376,"minecraft:walk_one_cm":662306,"minecraft:damage_blocked_by_shield":729,"minecraft:drop":22,"minecraft:play_time":271492,"minecraft:deaths":3,"minecraft:sneak_time":7651,"minecraft:walk_under_water_one_cm":25612,"minecraft:boat_one_cm":203096,"minecraft:jump":3977,"minecraft:walk_on_water_one_cm":33094,"minecraft:total_world_time":271492,"minecraft:interact_with_furnace":120,"minecraft:interact_with_stonecutter":10,"minecraft:sleep_in_bed":2,"minecraft:time_since_rest":61935,"minecraft:damage_taken":2100,"minecraft:damage_dealt":11849,"minecraft:swim_one_cm":15515,"minecraft:fly_one_cm":747237,"minecraft:open_chest":84,"minecraft:crouch_one_cm":18607,"minecraft:fish_caught":4,"minecraft:fall_one_cm":84821}},"DataVersion":3953}