{"stats":{"minecraft:custom":{"minecraft:interact_with_furnace":53,"minecraft:mob_kills":39,"minecraft:interact_with_crafting_table":32,"minecraft:leave_game":1,"minecraft:time_since_death":63254,"minecraft:time_since_rest":63300,"minecraft:sprint_one_cm":330710,"minecraft:damage_taken":1283,"minecraft:walk_one_cm":221751,"minecraft:damage_blocked_by_shield":479,"minecraft:drop":6,"minecraft:damage_dealt":5560,"minecraft:swim_one_cm":3482,"minecraft:fly_one_cm":287622,"minecraft:open_chest":3,"minecraft:crouch_one_cm":3223,"minecraft:play_time":100119,"minecraft:deaths":2,"minecraft:sneak_time":2015,"minecraft:walk_under_water_one_cm":11969,"minecraft:jump":1501,"minecraft:walk_on_water_one_cm":13625,"minecraft:total_world_time":100119,"minecraft:fall_one_cm":41301},"minecraft:mined":{"minecraft:tuff":8,"minecraft:deepslate_diamond_ore":6,"minecraft:crafting_table":9,"minecraft:glow_lichen":1,"minecraft:granite":27,"minecraft:short_grass":20,"minecraft:grass_block":2,"minecraft:copper_ore":2,"minecraft:cobblestone":3,"minecraft:tall_grass":8,"minecraft:deepslate_gold_ore":12,"minecraft:diorite":30,"minecraft:wall_torch":1,"minecraft:spawner":2,"minecraft:furnace":5,"minecraft:iron_ore":59,"minecraft:cobbled_deepslate":4,"minecraft:andesite":13,"minecraft:deepslate_lapis_ore":10,"minecraft:coal_ore":52,"minecraft:oak_log":19,"minecraft:deepslate_iron_ore":25,"minecraft:gravel":2,"minecraft:dirt":12,"minecraft:cobweb":23,"minecraft:stone":161,"minecraft:oak_leaves":5,"minecraft:deepslate":51},"minecraft:killed_by":{"minecraft:skeleton":1},"minecraft:killed":{"minecraft:cave_spider":1,"minecraft:pig":1,"minecraft:salmon":5,"minecraft:spider":2,"minecraft:sheep":7,"minecraft:skeleton":6,"minecraft:zombie":9,"minecraft:chicken":3,"minecraft:cow":3},"minecraft:crafted":{"minecraft:cooked_beef":3,"minecraft:oak_planks":76,"minecraft:diamond_sword":1,"minecraft:crafting_table":3,"minecraft:iron_helmet":1,"minecraft:wooden_pickaxe":2,"minecraft:furnace":2,"minecraft:cooked_salmon":4,"minecraft:stone_axe":2,"minecraft:cooked_mutton":14,"minecraft:air":0,"minecraft:oak_boat":1,"minecraft:iron_boots":1,"minecraft:iron_chestplate":1,"minecraft:shield":2,"minecraft:stick":24,"minecraft:iron_ingot":40,"minecraft:iron_pickaxe":2,"minecraft:stone_pickaxe":4,"minecraft:stone_sword":2,"minecraft:iron_leggings":1,"minecraft:torch":8},"minecraft:picked_up":{"minecraft:crafting_table":10,"minecraft:cooked_beef":1,"minecraft:feather":12,"minecraft:chicken":3,"minecraft:cherry_planks":5,"minecraft:salmon":4,"minecraft:andesite":13,"minecraft:leather":4,"minecraft:brown_wool":1,"minecraft:wooden_pickaxe":2,"minecraft:birch_planks":8,"minecraft:tuff":6,"minecraft:oak_log":19,"minecraft:string":22,"minecraft:lapis_lazuli":56,"minecraft:dirt":15,"minecraft:raw_copper":8,"minecraft:bone":22,"minecraft:apple":1,"minecraft:wheat_seeds":6,"minecraft:bucket":1,"minecraft:cobbled_deepslate":69,"minecraft:raw_gold":13,"minecraft:beef":8,"minecraft:iron_ingot":3,"minecraft:stone_pickaxe":2,"minecraft:cooked_chicken":2,"minecraft:oak_boat":1,"minecraft:iron_pickaxe":1,"minecraft:oak_planks":1,"minecraft:furnace":7,"minecraft:raw_iron":132,"minecraft:stick":7,"minecraft:torch":3,"minecraft:gravel":2,"minecraft:porkchop":3,"minecraft:diorite":30,"minecraft:stone_sword":2,"minecraft:arrow":10,"minecraft:rotten_flesh":7,"minecraft:diamond":9,"minecraft:granite":29,"minecraft:oak_sapling":7,"minecraft:mutton":11,"minecraft:coal":89,"minecraft:white_wool":7,"minecraft:cobblestone":218},"minecraft:broken":{"minecraft:stone_pickaxe":1},"minecraft:dropped":{"minecraft:feather":12,"minecraft:cooked_mutton":1,"minecraft:stick":4,"minecraft:dirt":13,"minecraft:cherry_planks":3},"minecraft:used":{"minecraft:cooked_mutton":8,"minecraft:diorite":29,"minecraft:stone_sword":57,"minecraft:stone_pickaxe":383,"minecraft:wooden_pickaxe":35,"minecraft:shield":20,"minecraft:cooked_chicken":2,"minecraft:cooked_salmon":4,"minecraft:rotten_flesh":6,"minecraft:torch":9,"minecraft:dirt":1,"minecraft:crafting_table":11,"minecraft:tuff":5,"minecraft:granite":6,"minecraft:bread":2,"minecraft:iron_pickaxe":66,"minecraft:stone_axe":33,"minecraft:diamond_sword":57,"minecraft:cobblestone":37,"minecraft:furnace":5,"minecraft:bucket":1,"minecraft:andesite":5,"minecraft:cobbled_deepslate":40}},"DataVersion":3953}