{"stats":{"minecraft:crafted":{"minecraft:stone_shovel":1,"minecraft:crafting_table":1,"minecraft:wooden_pickaxe":1,"minecraft:birch_boat":2,"minecraft:bowl":4,"minecraft:furnace":1,"minecraft:cooked_salmon":6,"minecraft:birch_planks":64,"minecraft:stone_axe":2,"minecraft:cooked_mutton":8,"minecraft:air":0,"minecraft:stick":12,"minecraft:stone_pickaxe":1,"minecraft:stone_sword":1,"minecraft:torch":4,"minecraft:cooked_rabbit":1},"minecraft:mined":{"minecraft:white_bed":1,"minecraft:dark_oak_leaves":2,"minecraft:stripped_dark_oak_log":1,"minecraft:dark_oak_log":111,"minecraft:crafting_table":4,"minecraft:granite":4,"minecraft:short_grass":5,"minecraft:grass_block":32,"minecraft:copper_ore":5,"minecraft:spruce_leaves":5,"minecraft:large_fern":1,"minecraft:birch_planks":6,"minecraft:furnace":1,"minecraft:birch_log":68,"minecraft:spruce_log":26,"minecraft:birch_leaves":2,"minecraft:pumpkin":2,"minecraft:oak_log":45,"minecraft:coal_ore":10,"minecraft:dirt":37,"minecraft:stone":45,"minecraft:oak_leaves":10},"minecraft:custom":{"minecraft:interact_with_furnace":25,"minecraft:mob_kills":28,"minecraft:interact_with_crafting_table":16,"minecraft:leave_game":2,"minecraft:time_since_death":74256,"minecraft:sleep_in_bed":3,"minecraft:time_since_rest":44,"minecraft:sprint_one_cm":243626,"minecraft:damage_taken":523,"minecraft:walk_one_cm":167485,"minecraft:drop":13,"minecraft:damage_dealt":2657,"minecraft:swim_one_cm":12571,"minecraft:fly_one_cm":127548,"minecraft:crouch_one_cm":854,"minecraft:play_time":74256,"minecraft:sneak_time":957,"minecraft:walk_under_water_one_cm":5291,"minecraft:boat_one_cm":18575,"minecraft:jump":879,"minecraft:walk_on_water_one_cm":6557,"minecraft:total_world_time":74256,"minecraft:fall_one_cm":14489},"minecraft:used":{"minecraft:cooked_mutton":1,"minecraft:stone_sword":57,"minecraft:stone_pickaxe":57,"minecraft:stone_shovel":47,"minecraft:wooden_pickaxe":10,"minecraft:birch_boat":2,"minecraft:cooked_salmon":6,"minecraft:torch":1,"minecraft:dirt":47,"minecraft:crafting_table":4,"minecraft:white_bed":2,"minecraft:stone_axe":262,"minecraft:furnace":1,"minecraft:cooked_porkchop":3,"minecraft:cooked_rabbit":1},"minecraft:broken":{"minecraft:stone_axe":2},"minecraft:picked_up":{"minecraft:birch_log":73,"minecraft:crafting_table":4,"minecraft:feather":1,"minecraft:salmon":7,"minecraft:leather":9,"minecraft:brown_mushroom":3,"minecraft:wooden_pickaxe":1,"minecraft:birch_planks":7,"minecraft:oak_log":44,"minecraft:dirt":95,"minecraft:string":1,"minecraft:raw_copper":18,"minecraft:cooked_salmon":4,"minecraft:bone":3,"minecraft:apple":1,"minecraft:spruce_planks":9,"minecraft:beef":21,"minecraft:rabbit":1,"minecraft:birch_sapling":1,"minecraft:dark_oak_sapling":2,"minecraft:stick":6,"minecraft:cooked_porkchop":3,"minecraft:pumpkin":5,"minecraft:porkchop":9,"minecraft:spruce_sapling":12,"minecraft:white_bed":2,"minecraft:spruce_log":27,"minecraft:grass_block":1,"minecraft:dark_oak_log":102,"minecraft:spider_eye":2,"minecraft:arrow":3,"minecraft:stone_axe":2,"minecraft:granite":4,"minecraft:oak_sapling":13,"minecraft:stripped_dark_oak_log":1,"minecraft:mutton":6,"minecraft:coal":11,"minecraft:white_wool":4,"minecraft:cobblestone":48},"minecraft:killed":{"minecraft:pig":5,"minecraft:salmon":7,"minecraft:spider":2,"minecraft:sheep":4,"minecraft:chicken":1,"minecraft:cow":9},"minecraft:dropped":{"minecraft:stone_axe":2,"minecraft:bowl":4,"minecraft:granite":4,"minecraft:grass_block":1,"minecraft:dirt":32,"minecraft:cooked_salmon":5,"minecraft:wooden_pickaxe":2}},"DataVersion":3953}