{"stats":{"minecraft:crafted":{"minecraft:oak_planks":184,"minecraft:stone_shovel":3,"minecraft:crafting_table":1,"minecraft:wooden_pickaxe":1,"minecraft:birch_boat":2,"minecraft:bowl":4,"minecraft:furnace":1,"minecraft:cooked_salmon":6,"minecraft:birch_planks":96,"minecraft:stone_axe":3,"minecraft:cooked_mutton":19,"minecraft:air":0,"minecraft:jungle_planks":8,"minecraft:stick":12,"minecraft:stone_pickaxe":1,"minecraft:stone_sword":1,"minecraft:chest":2,"minecraft:birch_door":6,"minecraft:dark_oak_planks":408,"minecraft:torch":4,"minecraft:cooked_rabbit":1},"minecraft:custom":{"minecraft:interact_with_furnace":26,"minecraft:mob_kills":37,"minecraft:interact_with_crafting_table":30,"minecraft:leave_game":2,"minecraft:time_since_death":122256,"minecraft:sleep_in_bed":8,"minecraft:climb_one_cm":483,"minecraft:time_since_rest":4356,"minecraft:sprint_one_cm":366574,"minecraft:damage_taken":573,"minecraft:walk_one_cm":331437,"minecraft:drop":15,"minecraft:damage_dealt":3607,"minecraft:swim_one_cm":17197,"minecraft:fly_one_cm":310638,"minecraft:open_chest":38,"minecraft:crouch_one_cm":1788,"minecraft:play_time":122256,"minecraft:sneak_time":1302,"minecraft:walk_under_water_one_cm":6612,"minecraft:boat_one_cm":18575,"minecraft:jump":1584,"minecraft:walk_on_water_one_cm":7300,"minecraft:total_world_time":122256,"minecraft:fall_one_cm":26377},"minecraft:used":{"minecraft:cooked_mutton":5,"minecraft:stone_sword":81,"minecraft:stone_pickaxe":75,"minecraft:stone_shovel":400,"minecraft:oak_planks":233,"minecraft:chest":2,"minecraft:wooden_pickaxe":10,"minecraft:birch_boat":2,"minecraft:cooked_salmon":6,"minecraft:torch":1,"minecraft:sand":5,"minecraft:dirt":127,"minecraft:crafting_table":5,"minecraft:jungle_planks":1,"minecraft:white_bed":3,"minecraft:birch_door":4,"minecraft:dark_oak_planks":427,"minecraft:stone_axe":348,"minecraft:cobblestone":42,"minecraft:oak_sapling":9,"minecraft:furnace":1,"minecraft:cooked_porkchop":3,"minecraft:cooked_rabbit":1,"minecraft:dark_oak_sapling":12},"minecraft:mined":{"minecraft:dark_oak_planks":8,"minecraft:white_bed":2,"minecraft:dark_oak_leaves":2,"minecraft:oak_door":3,"minecraft:jungle_leaves":3,"minecraft:stripped_dark_oak_log":1,"minecraft:dark_oak_log":111,"minecraft:crafting_table":4,"minecraft:granite":4,"minecraft:short_grass":48,"minecraft:grass_block":188,"minecraft:jungle_planks":1,"minecraft:jungle_log":8,"minecraft:cobblestone":4,"minecraft:copper_ore":5,"minecraft:spruce_leaves":5,"minecraft:oak_planks":50,"minecraft:large_fern":1,"minecraft:birch_planks":7,"minecraft:furnace":1,"minecraft:birch_log":68,"minecraft:spruce_log":26,"minecraft:birch_leaves":2,"minecraft:pumpkin":2,"minecraft:oak_log":57,"minecraft:coal_ore":12,"minecraft:cocoa":1,"minecraft:vine":3,"minecraft:dark_oak_sapling":4,"minecraft:sand":163,"minecraft:dirt":56,"minecraft:stone":55,"minecraft:oak_leaves":20,"minecraft:fern":16},"minecraft:broken":{"minecraft:stone_axe":2,"minecraft:stone_shovel":2},"minecraft:picked_up":{"minecraft:birch_log":73,"minecraft:cocoa_beans":3,"minecraft:crafting_table":4,"minecraft:feather":4,"minecraft:chicken":3,"minecraft:jungle_log":7,"minecraft:salmon":7,"minecraft:leather":13,"minecraft:brown_mushroom":3,"minecraft:wooden_pickaxe":1,"minecraft:birch_planks":8,"minecraft:oak_log":53,"minecraft:dirt":287,"minecraft:string":3,"minecraft:raw_copper":18,"minecraft:cooked_salmon":4,"minecraft:bone":3,"minecraft:apple":2,"minecraft:wheat_seeds":10,"minecraft:spruce_planks":9,"minecraft:beef":27,"minecraft:rabbit":1,"minecraft:birch_sapling":1,"minecraft:oak_planks":49,"minecraft:dark_oak_sapling":14,"minecraft:stick":9,"minecraft:jungle_door":2,"minecraft:cooked_porkchop":3,"minecraft:oak_door":1,"minecraft:pumpkin":5,"minecraft:jungle_planks":1,"minecraft:porkchop":9,"minecraft:sand":162,"minecraft:spruce_sapling":12,"minecraft:white_bed":3,"minecraft:spruce_log":27,"minecraft:grass_block":1,"minecraft:dark_oak_log":102,"minecraft:spider_eye":2,"minecraft:dark_oak_planks":362,"minecraft:arrow":3,"minecraft:stone_axe":2,"minecraft:granite":4,"minecraft:oak_sapling":19,"minecraft:stripped_dark_oak_log":1,"minecraft:mutton":6,"minecraft:coal":13,"minecraft:white_wool":5,"minecraft:cobblestone":63},"minecraft:killed":{"minecraft:pig":5,"minecraft:salmon":7,"minecraft:spider":2,"minecraft:sheep":5,"minecraft:skeleton":1,"minecraft:chicken":5,"minecraft:cow":12},"minecraft:dropped":{"minecraft:stone_axe":2,"minecraft:bowl":4,"minecraft:stripped_dark_oak_log":1,"minecraft:granite":4,"minecraft:grass_block":1,"minecraft:dirt":32,"minecraft:cooked_salmon":5,"minecraft:spider_eye":2,"minecraft:wooden_pickaxe":2}},"DataVersion":3953}