{"stats":{"minecraft:custom":{"minecraft:time_since_rest":10119,"minecraft:damage_taken":10,"minecraft:interact_with_furnace":1,"minecraft:play_time":10119,"minecraft:sprint_one_cm":23635,"minecraft:walk_one_cm":14000,"minecraft:mob_kills":1,"minecraft:jump":125,"minecraft:damage_dealt":64,"minecraft:leave_game":1,"minecraft:time_since_death":10119,"minecraft:total_world_time":10119,"minecraft:interact_with_crafting_table":2,"minecraft:fall_one_cm":3470,"minecraft:fly_one_cm":32513},"minecraft:mined":{"minecraft:short_grass":16,"minecraft:coal_ore":5,"minecraft:oak_log":5,"minecraft:tall_grass":8,"minecraft:stone":18,"minecraft:crafting_table":1},"minecraft:killed":{"minecraft:sheep":1},"minecraft:crafted":{"minecraft:furnace":1,"minecraft:oak_planks":20,"minecraft:crafting_table":1,"minecraft:stick":4,"minecraft:wooden_pickaxe":1},"minecraft:picked_up":{"minecraft:crafting_table":1,"minecraft:wheat_seeds":3,"minecraft:oak_log":5,"minecraft:oak_sapling":1,"minecraft:coal":5,"minecraft:mutton":1,"minecraft:white_wool":1,"minecraft:cobblestone":16},"minecraft:used":{"minecraft:wooden_pickaxe":23}},"DataVersion":3953}