{"stats":{"minecraft:crafted":{"minecraft:stone_shovel":3,"minecraft:crafting_table":1,"minecraft:wooden_pickaxe":1,"minecraft:birch_boat":2,"minecraft:bowl":4,"minecraft:furnace":1,"minecraft:cooked_salmon":6,"minecraft:birch_planks":76,"minecraft:stone_axe":3,"minecraft:cooked_mutton":8,"minecraft:air":0,"minecraft:stick":12,"minecraft:stone_pickaxe":1,"minecraft:stone_sword":1,"minecraft:chest":2,"minecraft:torch":4,"minecraft:cooked_rabbit":1},"minecraft:mined":{"minecraft:white_bed":2,"minecraft:dark_oak_leaves":2,"minecraft:stripped_dark_oak_log":1,"minecraft:dark_oak_log":111,"minecraft:crafting_table":4,"minecraft:granite":4,"minecraft:short_grass":15,"minecraft:grass_block":116,"minecraft:copper_ore":5,"minecraft:spruce_leaves":5,"minecraft:large_fern":1,"minecraft:birch_planks":6,"minecraft:furnace":1,"minecraft:birch_log":68,"minecraft:spruce_log":26,"minecraft:birch_leaves":2,"minecraft:pumpkin":2,"minecraft:oak_log":45,"minecraft:coal_ore":10,"minecraft:cocoa":1,"minecraft:sand":163,"minecraft:dirt":38,"minecraft:stone":45,"minecraft:oak_leaves":11,"minecraft:fern":5},"minecraft:custom":{"minecraft:interact_with_furnace":25,"minecraft:mob_kills":36,"minecraft:interact_with_crafting_table":24,"minecraft:leave_game":2,"minecraft:time_since_death":86256,"minecraft:sleep_in_bed":4,"minecraft:climb_one_cm":441,"minecraft:time_since_rest":11880,"minecraft:sprint_one_cm":274147,"minecraft:damage_taken":523,"minecraft:walk_one_cm":210805,"minecraft:drop":15,"minecraft:damage_dealt":3382,"minecraft:swim_one_cm":13354,"minecraft:fly_one_cm":185880,"minecraft:open_chest":6,"minecraft:crouch_one_cm":1570,"minecraft:play_time":86256,"minecraft:sneak_time":1083,"minecraft:walk_under_water_one_cm":5523,"minecraft:boat_one_cm":18575,"minecraft:jump":1088,"minecraft:walk_on_water_one_cm":6998,"minecraft:total_world_time":86256,"minecraft:fall_one_cm":21144},"minecraft:used":{"minecraft:cooked_mutton":2,"minecraft:stone_sword":77,"minecraft:stone_pickaxe":57,"minecraft:stone_shovel":306,"minecraft:chest":2,"minecraft:wooden_pickaxe":10,"minecraft:birch_boat":2,"minecraft:cooked_salmon":6,"minecraft:torch":1,"minecraft:sand":4,"minecraft:dirt":48,"minecraft:crafting_table":5,"minecraft:white_bed":2,"minecraft:stone_axe":262,"minecraft:furnace":1,"minecraft:cooked_porkchop":3,"minecraft:cooked_rabbit":1},"minecraft:broken":{"minecraft:stone_axe":2,"minecraft:stone_shovel":2},"minecraft:picked_up":{"minecraft:birch_log":73,"minecraft:cocoa_beans":3,"minecraft:crafting_table":4,"minecraft:feather":4,"minecraft:chicken":3,"minecraft:salmon":7,"minecraft:leather":13,"minecraft:brown_mushroom":3,"minecraft:wooden_pickaxe":1,"minecraft:birch_planks":7,"minecraft:oak_log":44,"minecraft:dirt":175,"minecraft:string":1,"minecraft:raw_copper":18,"minecraft:cooked_salmon":4,"minecraft:bone":3,"minecraft:apple":2,"minecraft:wheat_seeds":1,"minecraft:spruce_planks":9,"minecraft:beef":27,"minecraft:rabbit":1,"minecraft:birch_sapling":1,"minecraft:dark_oak_sapling":2,"minecraft:stick":6,"minecraft:cooked_porkchop":3,"minecraft:pumpkin":5,"minecraft:porkchop":9,"minecraft:sand":158,"minecraft:spruce_sapling":12,"minecraft:white_bed":3,"minecraft:spruce_log":27,"minecraft:grass_block":1,"minecraft:dark_oak_log":102,"minecraft:spider_eye":2,"minecraft:arrow":3,"minecraft:stone_axe":2,"minecraft:granite":4,"minecraft:oak_sapling":13,"minecraft:stripped_dark_oak_log":1,"minecraft:mutton":6,"minecraft:coal":11,"minecraft:white_wool":5,"minecraft:cobblestone":48},"minecraft:killed":{"minecraft:pig":5,"minecraft:salmon":7,"minecraft:spider":2,"minecraft:sheep":5,"minecraft:chicken":5,"minecraft:cow":12},"minecraft:dropped":{"minecraft:stone_axe":2,"minecraft:bowl":4,"minecraft:stripped_dark_oak_log":1,"minecraft:granite":4,"minecraft:grass_block":1,"minecraft:dirt":32,"minecraft:cooked_salmon":5,"minecraft:spider_eye":2,"minecraft:wooden_pickaxe":2}},"DataVersion":3953}