{"stats":{"minecraft:custom":{"minecraft:time_since_rest":22119,"minecraft:interact_with_furnace":12,"minecraft:sprint_one_cm":59651,"minecraft:damage_taken":152,"minecraft:walk_one_cm":42835,"minecraft:damage_blocked_by_shield":60,"minecraft:mob_kills":4,"minecraft:drop":1,"minecraft:damage_dealt":596,"minecraft:swim_one_cm":455,"minecraft:interact_with_crafting_table":12,"minecraft:fly_one_cm":80097,"minecraft:crouch_one_cm":1362,"minecraft:play_time":22119,"minecraft:sneak_time":455,"minecraft:walk_under_water_one_cm":82,"minecraft:jump":374,"minecraft:leave_game":1,"minecraft:walk_on_water_one_cm":951,"minecraft:time_since_death":22119,"minecraft:total_world_time":22119,"minecraft:fall_one_cm":8130},"minecraft:mined":{"minecraft:furnace":1,"minecraft:iron_ore":8,"minecraft:andesite":9,"minecraft:glow_lichen":1,"minecraft:crafting_table":5,"minecraft:short_grass":16,"minecraft:oak_log":5,"minecraft:grass_block":1,"minecraft:coal_ore":5,"minecraft:tall_grass":8,"minecraft:stone":38,"minecraft:diorite":1},"minecraft:killed":{"minecraft:skeleton":1,"minecraft:sheep":1,"minecraft:zombie":1},"minecraft:crafted":{"minecraft:oak_boat":1,"minecraft:oak_planks":20,"minecraft:shield":1,"minecraft:crafting_table":1,"minecraft:stick":8,"minecraft:iron_ingot":7,"minecraft:wooden_pickaxe":1,"minecraft:stone_pickaxe":1,"minecraft:stone_sword":1,"minecraft:furnace":1,"minecraft:stone_axe":1,"minecraft:cooked_mutton":1,"minecraft:air":0},"minecraft:picked_up":{"minecraft:raw_iron":8,"minecraft:crafting_table":5,"minecraft:cherry_planks":5,"minecraft:andesite":7,"minecraft:oak_log":5,"minecraft:diorite":1,"minecraft:dirt":1,"minecraft:bone":2,"minecraft:rotten_flesh":2,"minecraft:wheat_seeds":3,"minecraft:oak_sapling":1,"minecraft:mutton":1,"minecraft:coal":9,"minecraft:white_wool":1,"minecraft:cobblestone":38,"minecraft:furnace":1},"minecraft:dropped":{"minecraft:cherry_planks":3},"minecraft:used":{"minecraft:cooked_mutton":1,"minecraft:stone_sword":10,"minecraft:stone_pickaxe":40,"minecraft:shield":2,"minecraft:wooden_pickaxe":23,"minecraft:rotten_flesh":2,"minecraft:stone_axe":4,"minecraft:dirt":1,"minecraft:crafting_table":6,"minecraft:furnace":2,"minecraft:andesite":5}},"DataVersion":3953}