{"stats":{"minecraft:crafted":{"minecraft:birch_wood":3,"minecraft:birch_planks":24,"minecraft:spruce_planks":8},"minecraft:picked_up":{"minecraft:birch_log":14,"minecraft:bone":2,"minecraft:arrow":3,"minecraft:rotten_flesh":4,"minecraft:bow":1,"minecraft:wheat_seeds":1,"minecraft:spruce_log":2,"minecraft:gunpowder":1,"minecraft:birch_sapling":1,"minecraft:dirt":17},"minecraft:mined":{"minecraft:short_grass":13,"minecraft:birch_log":10,"minecraft:spruce_log":2,"minecraft:birch_leaves":1,"minecraft:fern":4},"minecraft:custom":{"minecraft:time_since_rest":60442,"minecraft:play_time":95524,"minecraft:sprint_one_cm":290,"minecraft:deaths":7,"minecraft:damage_taken":2052,"minecraft:walk_one_cm":230232,"minecraft:walk_under_water_one_cm":3628,"minecraft:mob_kills":4,"minecraft:jump":241,"minecraft:damage_dealt":866,"minecraft:leave_game":1,"minecraft:walk_on_water_one_cm":3809,"minecraft:time_since_death":11002,"minecraft:climb_one_cm":931,"minecraft:total_world_time":95524,"minecraft:fall_one_cm":6387,"minecraft:fly_one_cm":3524},"minecraft:killed_by":{"minecraft:skeleton":2,"minecraft:creeper":1,"minecraft:zombie_villager":1,"minecraft:spider":1,"minecraft:zombie":2},"minecraft:killed":{"minecraft:wolf":1,"minecraft:frog":1}},"DataVersion":3953}