{"stats":{"minecraft:custom":{"minecraft:jump":30,"minecraft:time_since_rest":3349,"minecraft:deaths":2,"minecraft:walk_on_water_one_cm":1062,"minecraft:play_time":5921,"minecraft:damage_taken":587,"minecraft:time_since_death":0,"minecraft:walk_one_cm":23549,"minecraft:climb_one_cm":725,"minecraft:total_world_time":5921,"minecraft:walk_under_water_one_cm":212,"minecraft:fall_one_cm":963,"minecraft:fly_one_cm":1592},"minecraft:killed_by":{"minecraft:zombie":1,"minecraft:creeper":1}},"DataVersion":3953}