{"stats":{"minecraft:crafted":{"minecraft:birch_wood":3,"minecraft:spruce_planks":8,"minecraft:birch_planks":24},"minecraft:picked_up":{"minecraft:birch_log":14,"minecraft:birch_planks":8,"minecraft:spruce_log":2,"minecraft:gunpowder":1,"minecraft:dirt":30,"minecraft:arrow":3,"minecraft:bone":2,"minecraft:rotten_flesh":4,"minecraft:bow":1,"minecraft:wheat_seeds":1,"minecraft:spruce_planks":1,"minecraft:birch_sapling":1},"minecraft:used":{"minecraft:birch_planks":26,"minecraft:spruce_planks":9,"minecraft:dirt":12},"minecraft:mined":{"minecraft:birch_planks":8,"minecraft:spruce_planks":1,"minecraft:birch_log":11,"minecraft:spruce_log":2,"minecraft:birch_leaves":1,"minecraft:short_grass":13,"minecraft:grass_block":12,"minecraft:dirt":1,"minecraft:fern":4},"minecraft:custom":{"minecraft:time_since_rest":72442,"minecraft:sprint_one_cm":357,"minecraft:damage_taken":2052,"minecraft:walk_one_cm":235898,"minecraft:mob_kills":4,"minecraft:damage_dealt":866,"minecraft:fly_one_cm":3524,"minecraft:play_time":107524,"minecraft:deaths":7,"minecraft:walk_under_water_one_cm":3628,"minecraft:jump":254,"minecraft:leave_game":1,"minecraft:time_since_death":23002,"minecraft:walk_on_water_one_cm":3809,"minecraft:total_world_time":107524,"minecraft:climb_one_cm":931,"minecraft:fall_one_cm":6387},"minecraft:killed_by":{"minecraft:zombie_villager":1,"minecraft:skeleton":2,"minecraft:creeper":1,"minecraft:spider":1,"minecraft:zombie":2},"minecraft:killed":{"minecraft:wolf":1,"minecraft:frog":1}},"DataVersion":3953}