{"stats":{"minecraft:dropped":{"minecraft:birch_planks":2,"minecraft:dirt":1,"minecraft:wooden_axe":1},"minecraft:used":{"minecraft:stone_sword":32,"minecraft:spruce_door":2,"minecraft:birch_planks":152,"minecraft:stone_pickaxe":3,"minecraft:spruce_planks":9,"minecraft:wooden_shovel":1,"minecraft:dirt":46,"minecraft:crafting_table":3,"minecraft:wooden_axe":78,"minecraft:wooden_hoe":17,"minecraft:apple":1,"minecraft:sunflower":18,"minecraft:chicken":2,"minecraft:spruce_button":1,"minecraft:birch_sapling":1,"minecraft:wooden_sword":58,"minecraft:porkchop":2,"minecraft:bone_meal":2},"minecraft:custom":{"minecraft:mob_kills":10,"minecraft:interact_with_crafting_table":5,"minecraft:leave_game":4,"minecraft:time_since_death":43008,"minecraft:sleep_in_bed":4,"minecraft:climb_one_cm":931,"minecraft:time_since_rest":1082,"minecraft:sprint_one_cm":1320,"minecraft:damage_taken":3189,"minecraft:walk_one_cm":602731,"minecraft:drop":4,"minecraft:damage_dealt":1553,"minecraft:fly_one_cm":5439,"minecraft:open_chest":1,"minecraft:play_time":234473,"minecraft:deaths":11,"minecraft:sneak_time":11,"minecraft:walk_under_water_one_cm":11480,"minecraft:boat_one_cm":232824,"minecraft:jump":518,"minecraft:walk_on_water_one_cm":52693,"minecraft:total_world_time":234473,"minecraft:fall_one_cm":10048,"minecraft:horse_one_cm":8886},"minecraft:killed":{"minecraft:wolf":1,"minecraft:pig":1,"minecraft:frog":1,"minecraft:zombie":1,"minecraft:chicken":4},"minecraft:killed_by":{"minecraft:zombie_villager":1,"minecraft:skeleton":2,"minecraft:creeper":1,"minecraft:spider":2,"minecraft:zombie":4},"minecraft:mined":{"minecraft:spruce_planks":9,"minecraft:brown_mushroom":1,"minecraft:stripped_birch_log":1,"minecraft:crafting_table":2,"minecraft:short_grass":129,"minecraft:grass_block":61,"minecraft:tall_grass":8,"minecraft:oxeye_daisy":1,"minecraft:seagrass":1,"minecraft:birch_planks":73,"minecraft:spruce_sapling":1,"minecraft:birch_log":50,"minecraft:birch_leaves":48,"minecraft:spruce_log":5,"minecraft:pumpkin":1,"minecraft:sunflower":54,"minecraft:dirt":24,"minecraft:fern":5},"minecraft:picked_up":{"minecraft:wooden_axe":1,"minecraft:birch_log":54,"minecraft:crafting_table":2,"minecraft:feather":7,"minecraft:chicken":4,"minecraft:brown_mushroom":1,"minecraft:wooden_pickaxe":1,"minecraft:birch_planks":75,"minecraft:gunpowder":1,"minecraft:dirt":112,"minecraft:stripped_birch_log":1,"minecraft:wooden_sword":1,"minecraft:bone":5,"minecraft:apple":1,"minecraft:bow":1,"minecraft:wheat_seeds":8,"minecraft:spruce_planks":8,"minecraft:stone_pickaxe":1,"minecraft:birch_sapling":3,"minecraft:egg":1,"minecraft:stick":16,"minecraft:birch_boat":2,"minecraft:pumpkin":1,"minecraft:porkchop":2,"minecraft:spruce_sapling":1,"minecraft:ink_sac":3,"minecraft:spruce_log":5,"minecraft:spruce_door":1,"minecraft:stone_sword":1,"minecraft:arrow":7,"minecraft:rotten_flesh":6,"minecraft:oak_sapling":1,"minecraft:sunflower":50,"minecraft:cobblestone":1,"minecraft:oxeye_daisy":1},"minecraft:crafted":{"minecraft:wooden_sword":1,"minecraft:wooden_shovel":1,"minecraft:birch_wood":3,"minecraft:crafting_table":1,"minecraft:spruce_planks":8,"minecraft:spruce_button":1,"minecraft:wooden_pickaxe":1,"minecraft:spruce_door":3,"minecraft:bone_meal":6,"minecraft:birch_planks":114,"minecraft:wooden_hoe":1,"minecraft:stick":4,"minecraft:wooden_axe":2,"minecraft:birch_button":3},"minecraft:broken":{"minecraft:wooden_sword":1,"minecraft:wooden_axe":1}},"DataVersion":3953}