{"stats":{"minecraft:picked_up":{"minecraft:birch_log":5,"minecraft:bone":1,"minecraft:arrow":2,"minecraft:rotten_flesh":4,"minecraft:bow":1,"minecraft:gunpowder":1,"minecraft:birch_sapling":1,"minecraft:dirt":17},"minecraft:mined":{"minecraft:short_grass":2,"minecraft:birch_log":1},"minecraft:custom":{"minecraft:time_since_rest":1330,"minecraft:play_time":17524,"minecraft:sprint_one_cm":229,"minecraft:deaths":4,"minecraft:damage_taken":1167,"minecraft:walk_one_cm":73264,"minecraft:walk_under_water_one_cm":212,"minecraft:mob_kills":1,"minecraft:jump":89,"minecraft:damage_dealt":278,"minecraft:leave_game":1,"minecraft:walk_on_water_one_cm":1738,"minecraft:time_since_death":1256,"minecraft:climb_one_cm":725,"minecraft:total_world_time":17524,"minecraft:fall_one_cm":2920,"minecraft:fly_one_cm":2736},"minecraft:killed_by":{"minecraft:skeleton":1,"minecraft:creeper":1,"minecraft:spider":1,"minecraft:zombie":1}},"DataVersion":3953}