{"stats":{"minecraft:crafted":{"minecraft:birch_wood":3,"minecraft:birch_planks":4},"minecraft:picked_up":{"minecraft:birch_log":9,"minecraft:bone":1,"minecraft:arrow":2,"minecraft:rotten_flesh":4,"minecraft:bow":1,"minecraft:gunpowder":1,"minecraft:birch_sapling":1,"minecraft:dirt":17},"minecraft:mined":{"minecraft:short_grass":13,"minecraft:birch_log":5},"minecraft:custom":{"minecraft:time_since_rest":36442,"minecraft:play_time":71524,"minecraft:sprint_one_cm":229,"minecraft:deaths":7,"minecraft:damage_taken":1882,"minecraft:walk_one_cm":161349,"minecraft:walk_under_water_one_cm":3628,"minecraft:mob_kills":2,"minecraft:jump":194,"minecraft:damage_dealt":647,"minecraft:leave_game":1,"minecraft:walk_on_water_one_cm":3433,"minecraft:time_since_death":0,"minecraft:climb_one_cm":931,"minecraft:total_world_time":71524,"minecraft:fall_one_cm":5638,"minecraft:fly_one_cm":3303},"minecraft:killed_by":{"minecraft:skeleton":2,"minecraft:creeper":1,"minecraft:zombie_villager":1,"minecraft:spider":1,"minecraft:zombie":2},"minecraft:killed":{"minecraft:frog":1}},"DataVersion":3953}